editor,direct_sources_connected,combined_direct_transmission_probability,total_direct_weight_from_sources,degree
BeneBot*,1,0.8646647167633873,1508.0,4355
DeltaBot,1,0.5570611734070192,614.0,4940
SamoaBot,1,0.1391778637533143,113.0,170
Pütz M.,1,0.11721044382744294,94.0,69
Lymantria,1,0.11369102167758627,91.0,707
GZWDer,1,0.06911360805327937,54.0,173
Epìdosis,1,0.059184246851282984,46.0,51
Jura1,1,0.05668540169644709,44.0,498
Jafeluv,1,0.05292468401652051,41.0,6
Mbch331,1,0.05040921320654568,39.0,504
MisterSynergy,1,0.046623474210232274,36.0,712
Quakewoody,1,0.04409126712905731,34.0,570
Liuxinyu970226,1,0.04409126712905731,34.0,185
Jared Preston,1,0.04282264258670776,33.0,240
Matěj Suchánek,1,0.040280340341144805,31.0,367
Wolverène,1,0.03773128563674277,29.0,439
Peter James,1,0.036454220509709034,28.0,351
Pasleim,1,0.03517546053869425,27.0,389
George.Edward.C,1,0.03517546053869425,27.0,48
AttoRenato,1,0.032612847064556805,25.0,44
Nikki,1,0.03004342718412545,23.0,250
분당선M,1,0.028756159194019415,22.0,632
VIGNERON,1,0.02746718281930649,21.0,419
The Anonymouse,1,0.02746718281930649,21.0,256
ValterVB,1,0.02617649579272152,20.0,381
FelixReimann,1,0.02617649579272152,20.0,21
Mahir256,1,0.024884095843990095,19.0,406
Magnus Manske,1,0.024884095843990095,19.0,39
Inwind,1,0.023589980699825208,18.0,34
Sjoerddebruin,1,0.022294148083922605,17.0,201
Andre Engels,1,0.022294148083922605,17.0,97
Ary29,1,0.022294148083922605,17.0,42
Armbrust,1,0.022294148083922605,17.0,17
Smiga big,1,0.022294148083922605,17.0,6
Delusion23,1,0.020996595716957223,16.0,417
Bencemac,1,0.020996595716957223,16.0,249
Zdtrlik,1,0.020996595716957223,16.0,24
Zetud,1,0.020996595716957223,16.0,9
ديفيد عادل وهبة خليل 2,1,0.019697321316578864,15.0,94
NatigKrolik,1,0.019697321316578864,15.0,27
Nezdek,1,0.018396322597408532,14.0,8
Ymblanter,1,0.015789143046005982,12.0,640
10.4.0.64,1,0.015789143046005982,12.0,261
Hym411,1,0.015789143046005982,12.0,76
PieterJanR,1,0.015789143046005982,12.0,39
billinghurst,1,0.01448295762783458,11.0,123
Wylve,1,0.01448295762783458,11.0,48
Ultratomio,1,0.01448295762783458,11.0,32
Jackie,1,0.01448295762783458,11.0,20
Sergey kudryavtsev,1,0.01448295762783458,11.0,3
Hazard-SJ,1,0.013175038718984067,10.0,260
יונה בנדלאק,1,0.013175038718984067,10.0,120
Snow Blizzard,1,0.013175038718984067,10.0,67
Calak,1,0.013175038718984067,10.0,31
Orchi,1,0.013175038718984067,10.0,12
Fralambert,1,0.011865384018870273,9.0,389
QZanden,1,0.011865384018870273,9.0,178
Succu,1,0.011865384018870273,9.0,115
Kolja21,1,0.011865384018870273,9.0,74
Syrio,1,0.011865384018870273,9.0,58
संजीव कुमार,1,0.011865384018870273,9.0,33
Oursana,1,0.011865384018870273,9.0,23
BattlePeasant,1,0.011865384018870273,9.0,2
Wiki13,1,0.010553991223855252,8.0,451
Moe Epsilon,1,0.010553991223855252,8.0,296
PinkAmpersand,1,0.010553991223855252,8.0,206
Esteban16,1,0.010553991223855252,8.0,183
Nikosguard,1,0.010553991223855252,8.0,38
Cardabela48,1,0.010553991223855252,8.0,30
Rigadoun,1,0.010553991223855252,8.0,19
John Vandenberg,1,0.010553991223855252,8.0,18
Yann,1,0.010553991223855252,8.0,12
Tothasze,1,0.010553991223855252,8.0,10
Digipoke,1,0.010553991223855252,8.0,6
87lieven,1,0.010553991223855252,8.0,4
Globe-trotter,1,0.010553991223855252,8.0,2
Ajraddatz,1,0.009240858027244059,7.0,286
Pigsonthewing,1,0.009240858027244059,7.0,242
1997kB,1,0.009240858027244059,7.0,116
Infovarius,1,0.009240858027244059,7.0,112
Eihel,1,0.009240858027244059,7.0,105
YMS,1,0.009240858027244059,7.0,75
Brya,1,0.009240858027244059,7.0,51
FriedrickMILBarbarossa,1,0.009240858027244059,7.0,35
Lavallen,1,0.009240858027244059,7.0,28
Marcol-it,1,0.009240858027244059,7.0,28
Giftzwerg 88,1,0.009240858027244059,7.0,23
Charles Matthews,1,0.009240858027244059,7.0,15
Ip.213.100,1,0.009240858027244059,7.0,15
FocalPoint,1,0.009240858027244059,7.0,13
AldraW,1,0.009240858027244059,7.0,8
Marimarina,1,0.009240858027244059,7.0,6
Sendelbach,1,0.009240858027244059,7.0,5
HakanIST,1,0.007925982119280639,6.0,276
Vituzzu,1,0.007925982119280639,6.0,168
Ash Crow,1,0.007925982119280639,6.0,112
Hsarrazin,1,0.007925982119280639,6.0,90
LadyInGrey,1,0.007925982119280639,6.0,77
PLbot,1,0.007925982119280639,6.0,72
Rippitippi,1,0.007925982119280639,6.0,65
Jklamo,1,0.007925982119280639,6.0,52
Ermanon,1,0.007925982119280639,6.0,48
Harmonia Amanda,1,0.007925982119280639,6.0,41
Josve05a,1,0.007925982119280639,6.0,39
Innocent bystander,1,0.007925982119280639,6.0,37
Bluemask,1,0.007925982119280639,6.0,30
ElfjeTwaalfje,1,0.007925982119280639,6.0,29
Metrónomo,1,0.007925982119280639,6.0,20
YarikUkraine,1,0.007925982119280639,6.0,14
Fixer88,1,0.007925982119280639,6.0,12
Davy1509,1,0.007925982119280639,6.0,11
Baba Tabita,1,0.007925982119280639,6.0,8
Grashoofd,1,0.007925982119280639,6.0,7
Matiia,1,0.007925982119280639,6.0,6
Hoistsail,1,0.007925982119280639,6.0,5
Hubertl,1,0.007925982119280639,6.0,5
What here area team,1,0.007925982119280639,6.0,5
Thiotrix,1,0.007925982119280639,6.0,3
Stryn,1,0.006609361187143059,5.0,515
Taketa,1,0.006609361187143059,5.0,111
ZI Jony,1,0.006609361187143059,5.0,74
King jakob c 2,1,0.006609361187143059,5.0,70
Holger1959,1,0.006609361187143059,5.0,49
Dandelo,1,0.006609361187143059,5.0,38
Aranya,1,0.006609361187143059,5.0,37
Jssfrk,1,0.006609361187143059,5.0,26
Chris.urs-o,1,0.006609361187143059,5.0,24
Yamaha5,1,0.006609361187143059,5.0,22
Hamedvahid,1,0.006609361187143059,5.0,20
Steenth,1,0.006609361187143059,5.0,18
TintoMeches,1,0.006609361187143059,5.0,18
Irn,1,0.006609361187143059,5.0,16
Texaner,1,0.006609361187143059,5.0,16
Closeapple,1,0.006609361187143059,5.0,15
C messier,1,0.006609361187143059,5.0,14
Debenben,1,0.006609361187143059,5.0,14
Capmo,1,0.006609361187143059,5.0,12
Geanixx,1,0.006609361187143059,5.0,11
Elekhh,1,0.006609361187143059,5.0,9
HaeB,1,0.006609361187143059,5.0,9
Arctic.gnome,1,0.006609361187143059,5.0,7
Llydawr,1,0.006609361187143059,5.0,6
NeverDoING,1,0.006609361187143059,5.0,6
Leag,1,0.006609361187143059,5.0,5
Thingol,1,0.006609361187143059,5.0,4
Jasper Deng,1,0.005290992914940618,4.0,151
Deryck Chan,1,0.005290992914940618,4.0,145
Haansn08,1,0.005290992914940618,4.0,113
Mike Peel,1,0.005290992914940618,4.0,112
轻语者,1,0.005290992914940618,4.0,103
Ceancata,1,0.005290992914940618,4.0,45
Joshbaumgartner,1,0.005290992914940618,4.0,30
Lingveno,1,0.005290992914940618,4.0,30
DavidMar86hdf,1,0.005290992914940618,4.0,21
Pichpich,1,0.005290992914940618,4.0,21
NBS,1,0.005290992914940618,4.0,19
Ivan A. Krestinin,1,0.005290992914940618,4.0,18
MiPe,1,0.005290992914940618,4.0,16
Dereckson,1,0.005290992914940618,4.0,15
Innotata,1,0.005290992914940618,4.0,12
Nedops,1,0.005290992914940618,4.0,12
Sol1,1,0.005290992914940618,4.0,12
Liangent,1,0.005290992914940618,4.0,11
Dinosaur918,1,0.005290992914940618,4.0,10
Gymel,1,0.005290992914940618,4.0,10
Kharkiv07,1,0.005290992914940618,4.0,10
Lantus,1,0.005290992914940618,4.0,9
Napoleon.tan,1,0.005290992914940618,4.0,9
Syp,1,0.005290992914940618,4.0,9
213.194.42.100,1,0.005290992914940618,4.0,6
Ascilto,1,0.005290992914940618,4.0,6
Matma Rex,1,0.005290992914940618,4.0,6
Shanes,1,0.005290992914940618,4.0,5
Stuchka,1,0.005290992914940618,4.0,5
Jaredzimmerman (WMF),1,0.005290992914940618,4.0,4
Zerabat,1,0.005290992914940618,4.0,4
Joxemai,1,0.005290992914940618,4.0,3
MisterMicro,1,0.005290992914940618,4.0,2
ChristianKl,1,0.003970874983708406,3.0,176
DannyS712,1,0.003970874983708406,3.0,172
Richard Arthur Norton (1958- ),1,0.003970874983708406,3.0,161
Addshore,1,0.003970874983708406,3.0,135
Stanglavine,1,0.003970874983708406,3.0,110
Martin Urbanec,1,0.003970874983708406,3.0,96
BRPever,1,0.003970874983708406,3.0,78
UWashPrincipalCataloger,1,0.003970874983708406,3.0,69
-akko,1,0.003970874983708406,3.0,61
Vivaelcelta,1,0.003970874983708406,3.0,40
Vojtěch Dostál,1,0.003970874983708406,3.0,40
Jamie7687,1,0.003970874983708406,3.0,38
Dr Zimbu,1,0.003970874983708406,3.0,37
Moumou82,1,0.003970874983708406,3.0,31
Mushroom,1,0.003970874983708406,3.0,29
Silverfish,1,0.003970874983708406,3.0,26
Bouzinac,1,0.003970874983708406,3.0,25
Sanyi4,1,0.003970874983708406,3.0,25
Olaf Studt,1,0.003970874983708406,3.0,24
Ykvach,1,0.003970874983708406,3.0,23
130.88.141.34,1,0.003970874983708406,3.0,22
Green Giant,1,0.003970874983708406,3.0,21
DDupard,1,0.003970874983708406,3.0,20
Totodu74,1,0.003970874983708406,3.0,20
Lysosome,1,0.003970874983708406,3.0,19
Palosirkka,1,0.003970874983708406,3.0,19
Shizhao,1,0.003970874983708406,3.0,19
Convallaria majalis,1,0.003970874983708406,3.0,18
Ahoerstemeier,1,0.003970874983708406,3.0,17
77.56.53.183,1,0.003970874983708406,3.0,13
Diwas,1,0.003970874983708406,3.0,12
Paperoastro,1,0.003970874983708406,3.0,12
Papuass,1,0.003970874983708406,3.0,12
Ange Gabriel,1,0.003970874983708406,3.0,11
Marcok,1,0.003970874983708406,3.0,11
Zorion,1,0.003970874983708406,3.0,11
Iokseng,1,0.003970874983708406,3.0,9
Delfort,1,0.003970874983708406,3.0,8
Kaganer,1,0.003970874983708406,3.0,8
Kaktus Kid,1,0.003970874983708406,3.0,8
Lucyin,1,0.003970874983708406,3.0,8
Lykos,1,0.003970874983708406,3.0,8
Mfb,1,0.003970874983708406,3.0,8
Syum90,1,0.003970874983708406,3.0,8
Jirka23,1,0.003970874983708406,3.0,7
Mauro Tozzi,1,0.003970874983708406,3.0,7
Eotuy,1,0.003970874983708406,3.0,6
Forstbirdo,1,0.003970874983708406,3.0,6
Headlocker,1,0.003970874983708406,3.0,6
Ilyaroz,1,0.003970874983708406,3.0,6
Kikos,1,0.003970874983708406,3.0,6
Mahdy Saffar,1,0.003970874983708406,3.0,6
Nan,1,0.003970874983708406,3.0,6
Yotwen,1,0.003970874983708406,3.0,6
Errix,1,0.003970874983708406,3.0,5
HnSr,1,0.003970874983708406,3.0,5
MJ94,1,0.003970874983708406,3.0,5
Podzemnik,1,0.003970874983708406,3.0,5
Rubpe19,1,0.003970874983708406,3.0,5
Archer90,1,0.003970874983708406,3.0,4
GualdimG,1,0.003970874983708406,3.0,4
KaPe,1,0.003970874983708406,3.0,4
Mpiva,1,0.003970874983708406,3.0,4
Okki,1,0.003970874983708406,3.0,4
Torque,1,0.003970874983708406,3.0,4
Aucassin,1,0.003970874983708406,3.0,3
CatarinaMReis,1,0.003970874983708406,3.0,3
Olexa Riznyk,1,0.003970874983708406,3.0,3
Twotwo2019,1,0.003970874983708406,3.0,3
2001:7C0:710:3592:B9E1:2C54:1525:3A4E,1,0.003970874983708406,3.0,2
2003:66:8F1C:F623:12DD:B1FF:FEB3:C7F7,1,0.003970874983708406,3.0,2
Metal Velocidad,1,0.003970874983708406,3.0,2
Vogone,1,0.00264900507140442,2.0,267
Bene*,1,0.00264900507140442,2.0,211
E4024,1,0.00264900507140442,2.0,201
Trade,1,0.00264900507140442,2.0,181
Jon Harald Søby,1,0.00264900507140442,2.0,112
Whym,1,0.00264900507140442,2.0,101
Rockpeterson,1,0.00264900507140442,2.0,82
Steak,1,0.00264900507140442,2.0,73
Jdforrester,1,0.00264900507140442,2.0,70
Prahlad balaji,1,0.00264900507140442,2.0,62
EugeneZelenko,1,0.00264900507140442,2.0,60
Queryzo,1,0.00264900507140442,2.0,54
PokestarFan,1,0.00264900507140442,2.0,52
Hiàn,1,0.00264900507140442,2.0,51
Lakokat,1,0.00264900507140442,2.0,43
SJK,1,0.00264900507140442,2.0,42
Horcrux92,1,0.00264900507140442,2.0,36
Jc86035,1,0.00264900507140442,2.0,34
MatSuBot,1,0.00264900507140442,2.0,32
Termininja,1,0.00264900507140442,2.0,32
Deansfa,1,0.00264900507140442,2.0,29
MechQuester,1,0.00264900507140442,2.0,29
Adithyak1997,1,0.00264900507140442,2.0,28
Bigbossfarin,1,0.00264900507140442,2.0,28
Haplology,1,0.00264900507140442,2.0,28
Ksc~ruwiki,1,0.00264900507140442,2.0,28
Vinkje83,1,0.00264900507140442,2.0,28
XXN,1,0.00264900507140442,2.0,28
Fractaler,1,0.00264900507140442,2.0,26
Huldra,1,0.00264900507140442,2.0,25
Hypergio,1,0.00264900507140442,2.0,25
Yiyi,1,0.00264900507140442,2.0,25
Scott5114,1,0.00264900507140442,2.0,23
Cpaolo79,1,0.00264900507140442,2.0,22
Kolega2357,1,0.00264900507140442,2.0,22
Snaevar,1,0.00264900507140442,2.0,22
94rain,1,0.00264900507140442,2.0,20
FakirNL,1,0.00264900507140442,2.0,20
Joostik,1,0.00264900507140442,2.0,20
Littledogboy,1,0.00264900507140442,2.0,20
Tacsipacsi,1,0.00264900507140442,2.0,19
"Fiver, der Hellseher",1,0.00264900507140442,2.0,18
Otourly,1,0.00264900507140442,2.0,18
Born2bgratis,1,0.00264900507140442,2.0,17
Cheers!,1,0.00264900507140442,2.0,17
Cathy Richards,1,0.00264900507140442,2.0,16
Emw,1,0.00264900507140442,2.0,16
Kareyac,1,0.00264900507140442,2.0,16
Komischn,1,0.00264900507140442,2.0,16
Ohtani tanya,1,0.00264900507140442,2.0,16
Spinster,1,0.00264900507140442,2.0,16
Swpb,1,0.00264900507140442,2.0,16
The Banner,1,0.00264900507140442,2.0,16
It Is Me Here,1,0.00264900507140442,2.0,15
관인생략,1,0.00264900507140442,2.0,15
777sms,1,0.00264900507140442,2.0,14
Jonathan Groß,1,0.00264900507140442,2.0,14
GodeNehler,1,0.00264900507140442,2.0,13
Holder,1,0.00264900507140442,2.0,13
Хомелка,1,0.00264900507140442,2.0,13
Esquilo,1,0.00264900507140442,2.0,12
Robot Monk,1,0.00264900507140442,2.0,12
Tijd-jp,1,0.00264900507140442,2.0,12
Chaoborus,1,0.00264900507140442,2.0,11
DGtal,1,0.00264900507140442,2.0,11
Numbermaniac,1,0.00264900507140442,2.0,11
ShinePhantom,1,0.00264900507140442,2.0,11
VAP+VYK,1,0.00264900507140442,2.0,11
Carsrac,1,0.00264900507140442,2.0,10
Circeus,1,0.00264900507140442,2.0,10
Ebe123,1,0.00264900507140442,2.0,10
LlamaAl,1,0.00264900507140442,2.0,10
Mistakefinder,1,0.00264900507140442,2.0,10
Moroboshi,1,0.00264900507140442,2.0,10
Nk,1,0.00264900507140442,2.0,10
Rashinseita,1,0.00264900507140442,2.0,10
VargaA,1,0.00264900507140442,2.0,10
Aytrus,1,0.00264900507140442,2.0,9
ChoumX,1,0.00264900507140442,2.0,9
Davidpar,1,0.00264900507140442,2.0,9
Miodzio3,1,0.00264900507140442,2.0,9
Mutante,1,0.00264900507140442,2.0,9
Nonexyst,1,0.00264900507140442,2.0,9
Retired electrician,1,0.00264900507140442,2.0,9
Triplecaña,1,0.00264900507140442,2.0,9
Vargenau,1,0.00264900507140442,2.0,9
Zuphilip,1,0.00264900507140442,2.0,9
Не А,1,0.00264900507140442,2.0,9
Bever,1,0.00264900507140442,2.0,8
Carlomorino,1,0.00264900507140442,2.0,8
Delirium,1,0.00264900507140442,2.0,8
Fayenatic london,1,0.00264900507140442,2.0,8
Mathieudu68,1,0.00264900507140442,2.0,8
NiTenIchiRyu,1,0.00264900507140442,2.0,8
Risukarhi,1,0.00264900507140442,2.0,8
Sunpriat,1,0.00264900507140442,2.0,8
AKA MBG,1,0.00264900507140442,2.0,7
Fundriver,1,0.00264900507140442,2.0,7
Jeanloujustine,1,0.00264900507140442,2.0,7
Joãofcf,1,0.00264900507140442,2.0,7
Shadowxfox,1,0.00264900507140442,2.0,7
Sisyph,1,0.00264900507140442,2.0,7
Uziel302,1,0.00264900507140442,2.0,7
A.Bernhard,1,0.00264900507140442,2.0,6
Atlasowa,1,0.00264900507140442,2.0,6
Glaisher,1,0.00264900507140442,2.0,6
Goudron92,1,0.00264900507140442,2.0,6
Incola,1,0.00264900507140442,2.0,6
Johansen.fred,1,0.00264900507140442,2.0,6
Jwilderm,1,0.00264900507140442,2.0,6
Pxos,1,0.00264900507140442,2.0,6
Tenniscourtisland,1,0.00264900507140442,2.0,6
Voyager,1,0.00264900507140442,2.0,6
Winterheart,1,0.00264900507140442,2.0,6
Alan Liefting,1,0.00264900507140442,2.0,5
Albinfo,1,0.00264900507140442,2.0,5
Commonssense,1,0.00264900507140442,2.0,5
DPdH,1,0.00264900507140442,2.0,5
KrBot,1,0.00264900507140442,2.0,5
Mario7,1,0.00264900507140442,2.0,5
StevenJ81,1,0.00264900507140442,2.0,5
Talinee,1,0.00264900507140442,2.0,5
Thyalphi,1,0.00264900507140442,2.0,5
Uwe Gille,1,0.00264900507140442,2.0,5
80.29.25.39,1,0.00264900507140442,2.0,4
Afernand74,1,0.00264900507140442,2.0,4
Bertrand Bellet,1,0.00264900507140442,2.0,4
Edita13,1,0.00264900507140442,2.0,4
GuySh,1,0.00264900507140442,2.0,4
HickoryOughtShirt?4,1,0.00264900507140442,2.0,4
Jakubkaja,1,0.00264900507140442,2.0,4
Kurniasan,1,0.00264900507140442,2.0,4
Prateekmalviya20,1,0.00264900507140442,2.0,4
Slomox,1,0.00264900507140442,2.0,4
Unpocoloco,1,0.00264900507140442,2.0,4
לערי ריינהארט,1,0.00264900507140442,2.0,4
Abraham,1,0.00264900507140442,2.0,3
Ancalagon,1,0.00264900507140442,2.0,3
Balou46,1,0.00264900507140442,2.0,3
Cvanca02,1,0.00264900507140442,2.0,3
Daniele Pugliesi,1,0.00264900507140442,2.0,3
DarTar,1,0.00264900507140442,2.0,3
DrSauron,1,0.00264900507140442,2.0,3
Homonihilis,1,0.00264900507140442,2.0,3
RekishiEJ,1,0.00264900507140442,2.0,3
Siramatu,1,0.00264900507140442,2.0,3
WolfDW,1,0.00264900507140442,2.0,3
geraki,1,0.00264900507140442,2.0,3
2003:66:8F13:51A:12DD:B1FF:FEB3:C7F7,1,0.00264900507140442,2.0,2
2003:66:8F13:EF12:12DD:B1FF:FEB3:C7F7,1,0.00264900507140442,2.0,2
Blue235,1,0.00264900507140442,2.0,2
Brühl,1,0.00264900507140442,2.0,2
City of Tragedy,1,0.00264900507140442,2.0,2
Jakubt,1,0.00264900507140442,2.0,2
Jochumzen,1,0.00264900507140442,2.0,2
Lerr,1,0.00264900507140442,2.0,2
Nipisiquit,1,0.00264900507140442,2.0,2
Przemek Jahr,1,0.00264900507140442,2.0,2
Rqiang84,1,0.00264900507140442,2.0,2
Surendra Rulz,1,0.00264900507140442,2.0,2
2003:66:8F0E:7401:12DD:B1FF:FEB3:C7F7,1,0.00264900507140442,2.0,1
89.91.79.161,1,0.00264900507140442,2.0,1
Hahc21,1,0.0013253808529049005,1.0,155
Jianhui67,1,0.0013253808529049005,1.0,146
علاء,1,0.0013253808529049005,1.0,85
Kostas20142,1,0.0013253808529049005,1.0,75
Hasley,1,0.0013253808529049005,1.0,71
ArthurPSmith,1,0.0013253808529049005,1.0,65
Multichill,1,0.0013253808529049005,1.0,65
Kam Solusar,1,0.0013253808529049005,1.0,63
Valentina.Anitnelav,1,0.0013253808529049005,1.0,59
Ayack,1,0.0013253808529049005,1.0,53
Bodhisattwa,1,0.0013253808529049005,1.0,53
Hazard-Bot,1,0.0013253808529049005,1.0,52
So9q,1,0.0013253808529049005,1.0,51
Conny,1,0.0013253808529049005,1.0,49
Yair rand,1,0.0013253808529049005,1.0,49
GerardM,1,0.0013253808529049005,1.0,46
Jesi,1,0.0013253808529049005,1.0,44
Gabbe,1,0.0013253808529049005,1.0,43
Pallerti,1,0.0013253808529049005,1.0,43
Andrew Gray,1,0.0013253808529049005,1.0,42
Tulsi Bhagat,1,0.0013253808529049005,1.0,40
CrystallineLeMonde,1,0.0013253808529049005,1.0,39
Matlin,1,0.0013253808529049005,1.0,39
JAn Dudík,1,0.0013253808529049005,1.0,38
Germartin1,1,0.0013253808529049005,1.0,37
John F. Lewis,1,0.0013253808529049005,1.0,37
Ladsgroup,1,0.0013253808529049005,1.0,37
-revi,1,0.0013253808529049005,1.0,36
Man77,1,0.0013253808529049005,1.0,36
Achim55,1,0.0013253808529049005,1.0,35
Zolo,1,0.0013253808529049005,1.0,35
Arkanosis,1,0.0013253808529049005,1.0,34
Saehrimnir,1,0.0013253808529049005,1.0,34
Nadzik,1,0.0013253808529049005,1.0,33
Laddo,1,0.0013253808529049005,1.0,32
TCN7JM,1,0.0013253808529049005,1.0,32
Vyom25,1,0.0013253808529049005,1.0,32
Nouill,1,0.0013253808529049005,1.0,31
Fomafix,1,0.0013253808529049005,1.0,30
Ghuron,1,0.0013253808529049005,1.0,29
Robby,1,0.0013253808529049005,1.0,29
Srittau,1,0.0013253808529049005,1.0,29
Michgrig,1,0.0013253808529049005,1.0,28
Shinnin,1,0.0013253808529049005,1.0,28
Ghouston,1,0.0013253808529049005,1.0,27
Lam-ang,1,0.0013253808529049005,1.0,27
Marcus Cyron,1,0.0013253808529049005,1.0,27
AlessioMela,1,0.0013253808529049005,1.0,26
Andrawaag,1,0.0013253808529049005,1.0,26
Iamthecheese44,1,0.0013253808529049005,1.0,26
Sannita,1,0.0013253808529049005,1.0,26
本日晴天,1,0.0013253808529049005,1.0,26
Florentyna,1,0.0013253808529049005,1.0,25
Pamputt,1,0.0013253808529049005,1.0,25
ARR8,1,0.0013253808529049005,1.0,24
Erfil,1,0.0013253808529049005,1.0,24
Ju gatsu mikka,1,0.0013253808529049005,1.0,24
Ske,1,0.0013253808529049005,1.0,24
Steel1943,1,0.0013253808529049005,1.0,24
Superchilum,1,0.0013253808529049005,1.0,24
Tobias1984,1,0.0013253808529049005,1.0,24
Máté,1,0.0013253808529049005,1.0,23
Rachmat04,1,0.0013253808529049005,1.0,23
Rodhullandemu,1,0.0013253808529049005,1.0,23
Marsupium,1,0.0013253808529049005,1.0,22
PKM,1,0.0013253808529049005,1.0,22
Randykitty,1,0.0013253808529049005,1.0,22
Sanremofilo,1,0.0013253808529049005,1.0,22
Wikijens,1,0.0013253808529049005,1.0,22
&#42;Youngjin,1,0.0013253808529049005,1.0,21
Aplasia,1,0.0013253808529049005,1.0,21
KaMan,1,0.0013253808529049005,1.0,21
P134toP4913,1,0.0013253808529049005,1.0,21
UAwiki,1,0.0013253808529049005,1.0,21
MKar,1,0.0013253808529049005,1.0,20
Mormegil,1,0.0013253808529049005,1.0,20
TomT0m,1,0.0013253808529049005,1.0,20
Trijnstel,1,0.0013253808529049005,1.0,20
Trilotat,1,0.0013253808529049005,1.0,20
فيصل,1,0.0013253808529049005,1.0,20
FShbib,1,0.0013253808529049005,1.0,19
McSearch,1,0.0013253808529049005,1.0,19
Mr. Guye,1,0.0013253808529049005,1.0,19
NewDataB,1,0.0013253808529049005,1.0,19
Krish Dulal,1,0.0013253808529049005,1.0,18
Neojesus,1,0.0013253808529049005,1.0,18
Pppery,1,0.0013253808529049005,1.0,18
Snipre,1,0.0013253808529049005,1.0,18
Stegop,1,0.0013253808529049005,1.0,18
Ahonc,1,0.0013253808529049005,1.0,17
ComeBacks,1,0.0013253808529049005,1.0,17
Erik Wannee,1,0.0013253808529049005,1.0,17
Geagea,1,0.0013253808529049005,1.0,17
Jaqen,1,0.0013253808529049005,1.0,17
Oleryhlolsson,1,0.0013253808529049005,1.0,17
ProteinBoxBot,1,0.0013253808529049005,1.0,17
Skim,1,0.0013253808529049005,1.0,17
The Polish,1,0.0013253808529049005,1.0,17
Dhx1,1,0.0013253808529049005,1.0,16
Harlock81,1,0.0013253808529049005,1.0,16
Jmvkrecords,1,0.0013253808529049005,1.0,16
Joseagush,1,0.0013253808529049005,1.0,16
MB-one,1,0.0013253808529049005,1.0,16
Nemo_bis,1,0.0013253808529049005,1.0,16
Oravrattas,1,0.0013253808529049005,1.0,16
Christophe95,1,0.0013253808529049005,1.0,15
Draceane,1,0.0013253808529049005,1.0,15
Filceolaire,1,0.0013253808529049005,1.0,15
GPSLeo,1,0.0013253808529049005,1.0,15
Hkoala,1,0.0013253808529049005,1.0,15
Johan N,1,0.0013253808529049005,1.0,15
Migel Sances Huares,1,0.0013253808529049005,1.0,15
Openbk,1,0.0013253808529049005,1.0,15
Thgoiter,1,0.0013253808529049005,1.0,15
B25es,1,0.0013253808529049005,1.0,14
Christian Ferrer,1,0.0013253808529049005,1.0,14
Dark Eagle,1,0.0013253808529049005,1.0,14
FordPrefect42,1,0.0013253808529049005,1.0,14
GreenMeansGo,1,0.0013253808529049005,1.0,14
NickK,1,0.0013253808529049005,1.0,14
Paucabot,1,0.0013253808529049005,1.0,14
Rlevente,1,0.0013253808529049005,1.0,14
WTM,1,0.0013253808529049005,1.0,14
Ymnes,1,0.0013253808529049005,1.0,14
YukioSanjo,1,0.0013253808529049005,1.0,14
4nn1l2,1,0.0013253808529049005,1.0,13
Antissimo,1,0.0013253808529049005,1.0,13
Bender235,1,0.0013253808529049005,1.0,13
Clarkcj12,1,0.0013253808529049005,1.0,13
Doostdar,1,0.0013253808529049005,1.0,13
GeeJee,1,0.0013253808529049005,1.0,13
Krassotkin,1,0.0013253808529049005,1.0,13
Mercenario97,1,0.0013253808529049005,1.0,13
Osiris,1,0.0013253808529049005,1.0,13
Rhadamante,1,0.0013253808529049005,1.0,13
Чаховіч Уладзіслаў,1,0.0013253808529049005,1.0,13
мастер теней,1,0.0013253808529049005,1.0,13
Davidrlowe,1,0.0013253808529049005,1.0,12
Eumolpo,1,0.0013253808529049005,1.0,12
Karl1263,1,0.0013253808529049005,1.0,12
Lockal,1,0.0013253808529049005,1.0,12
Matthew hk,1,0.0013253808529049005,1.0,12
Notafish,1,0.0013253808529049005,1.0,12
Redaktor,1,0.0013253808529049005,1.0,12
SCIdude,1,0.0013253808529049005,1.0,12
Salix,1,0.0013253808529049005,1.0,12
Sebotic,1,0.0013253808529049005,1.0,12
Aced,1,0.0013253808529049005,1.0,11
Akela,1,0.0013253808529049005,1.0,11
Aswn,1,0.0013253808529049005,1.0,11
Balabinrm,1,0.0013253808529049005,1.0,11
Einstein2,1,0.0013253808529049005,1.0,11
Jarfe,1,0.0013253808529049005,1.0,11
LydiaPintscher,1,0.0013253808529049005,1.0,11
Symphonium264,1,0.0013253808529049005,1.0,11
Tlustulimu,1,0.0013253808529049005,1.0,11
UrielAcosta,1,0.0013253808529049005,1.0,11
Vladimir Alexiev,1,0.0013253808529049005,1.0,11
irn,1,0.0013253808529049005,1.0,11
Affom,1,0.0013253808529049005,1.0,10
Auntof6,1,0.0013253808529049005,1.0,10
Cruccone,1,0.0013253808529049005,1.0,10
Dega180,1,0.0013253808529049005,1.0,10
Diego Grez,1,0.0013253808529049005,1.0,10
Farisori,1,0.0013253808529049005,1.0,10
Fremen,1,0.0013253808529049005,1.0,10
Ijon,1,0.0013253808529049005,1.0,10
Jacopo Werther,1,0.0013253808529049005,1.0,10
KuboF,1,0.0013253808529049005,1.0,10
Luckyz,1,0.0013253808529049005,1.0,10
Nurni,1,0.0013253808529049005,1.0,10
PigeonIP,1,0.0013253808529049005,1.0,10
Pyb,1,0.0013253808529049005,1.0,10
Shawn in Montreal,1,0.0013253808529049005,1.0,10
Superzerocool,1,0.0013253808529049005,1.0,10
Tudor987,1,0.0013253808529049005,1.0,10
WikiDataMovieDB,1,0.0013253808529049005,1.0,10
Anr,1,0.0013253808529049005,1.0,9
Carlo58s,1,0.0013253808529049005,1.0,9
Delta 51,1,0.0013253808529049005,1.0,9
Dharmadhyaksha,1,0.0013253808529049005,1.0,9
Francians,1,0.0013253808529049005,1.0,9
Färber,1,0.0013253808529049005,1.0,9
Idh0854,1,0.0013253808529049005,1.0,9
Iulle,1,0.0013253808529049005,1.0,9
JalenFolf,1,0.0013253808529049005,1.0,9
JurgenNL,1,0.0013253808529049005,1.0,9
Liflon,1,0.0013253808529049005,1.0,9
MathsPoetry,1,0.0013253808529049005,1.0,9
Olaf Kosinsky,1,0.0013253808529049005,1.0,9
Phoebe,1,0.0013253808529049005,1.0,9
Shev123,1,0.0013253808529049005,1.0,9
SomeRandomPasserby,1,0.0013253808529049005,1.0,9
Speculos,1,0.0013253808529049005,1.0,9
USt,1,0.0013253808529049005,1.0,9
Ulanwp,1,0.0013253808529049005,1.0,9
WikedKentaur,1,0.0013253808529049005,1.0,9
Willy1018,1,0.0013253808529049005,1.0,9
Ambrosia10,1,0.0013253808529049005,1.0,8
Danneks,1,0.0013253808529049005,1.0,8
Floscher,1,0.0013253808529049005,1.0,8
Gaja,1,0.0013253808529049005,1.0,8
Joopwiki,1,0.0013253808529049005,1.0,8
Kanags,1,0.0013253808529049005,1.0,8
Kopiersperre,1,0.0013253808529049005,1.0,8
Malatinszky,1,0.0013253808529049005,1.0,8
Misibacsi,1,0.0013253808529049005,1.0,8
Od Mishehu,1,0.0013253808529049005,1.0,8
Pi.1415926535,1,0.0013253808529049005,1.0,8
Pikador,1,0.0013253808529049005,1.0,8
RSVartanian,1,0.0013253808529049005,1.0,8
Shisma,1,0.0013253808529049005,1.0,8
Trustable,1,0.0013253808529049005,1.0,8
Рассилон,1,0.0013253808529049005,1.0,8
콩가루,1,0.0013253808529049005,1.0,8
-- -- --,1,0.0013253808529049005,1.0,7
95016maphack,1,0.0013253808529049005,1.0,7
Adam Harangozó,1,0.0013253808529049005,1.0,7
Adavyd,1,0.0013253808529049005,1.0,7
Alexmar983,1,0.0013253808529049005,1.0,7
Bjs,1,0.0013253808529049005,1.0,7
Ciell,1,0.0013253808529049005,1.0,7
Crazy1880,1,0.0013253808529049005,1.0,7
Demidenko,1,0.0013253808529049005,1.0,7
Dr Lol,1,0.0013253808529049005,1.0,7
Eru,1,0.0013253808529049005,1.0,7
Eyatu Ben,1,0.0013253808529049005,1.0,7
Fegsel,1,0.0013253808529049005,1.0,7
Hweyl,1,0.0013253808529049005,1.0,7
Jagulin,1,0.0013253808529049005,1.0,7
Jfhutson,1,0.0013253808529049005,1.0,7
John123521,1,0.0013253808529049005,1.0,7
Koltars,1,0.0013253808529049005,1.0,7
Malarz pl,1,0.0013253808529049005,1.0,7
Martssnail,1,0.0013253808529049005,1.0,7
Mergehappy,1,0.0013253808529049005,1.0,7
ORL PU,1,0.0013253808529049005,1.0,7
Petronas,1,0.0013253808529049005,1.0,7
Ranveig,1,0.0013253808529049005,1.0,7
T.seppelt,1,0.0013253808529049005,1.0,7
Пробегающий,1,0.0013253808529049005,1.0,7
Сидик из ПТУ,1,0.0013253808529049005,1.0,7
सरोज कुमार ढकाल,1,0.0013253808529049005,1.0,7
4ing,1,0.0013253808529049005,1.0,6
76.24.193.7,1,0.0013253808529049005,1.0,6
A doubt,1,0.0013253808529049005,1.0,6
APPER,1,0.0013253808529049005,1.0,6
AiPee213-100,1,0.0013253808529049005,1.0,6
AleatoryPonderings,1,0.0013253808529049005,1.0,6
Arlo Barnes,1,0.0013253808529049005,1.0,6
Arystanbek,1,0.0013253808529049005,1.0,6
Ato 01,1,0.0013253808529049005,1.0,6
Baldic23,1,0.0013253808529049005,1.0,6
Berdea,1,0.0013253808529049005,1.0,6
Bluemersen,1,0.0013253808529049005,1.0,6
Cekli829,1,0.0013253808529049005,1.0,6
DSGalaktos,1,0.0013253808529049005,1.0,6
DerFussi,1,0.0013253808529049005,1.0,6
Esp1986,1,0.0013253808529049005,1.0,6
FrankieSCL,1,0.0013253808529049005,1.0,6
GAndy,1,0.0013253808529049005,1.0,6
Gene.arboit,1,0.0013253808529049005,1.0,6
Hansmuller,1,0.0013253808529049005,1.0,6
Hariva,1,0.0013253808529049005,1.0,6
João Justiceiro,1,0.0013253808529049005,1.0,6
JulesWinnfield-hu,1,0.0013253808529049005,1.0,6
KingSkyLord,1,0.0013253808529049005,1.0,6
KrovatarGERO,1,0.0013253808529049005,1.0,6
Laura Fiorucci,1,0.0013253808529049005,1.0,6
Lexusuns,1,0.0013253808529049005,1.0,6
LucaBiondi,1,0.0013253808529049005,1.0,6
Lumu,1,0.0013253808529049005,1.0,6
MS-SPO,1,0.0013253808529049005,1.0,6
Mantr33r,1,0.0013253808529049005,1.0,6
Mona,1,0.0013253808529049005,1.0,6
Omino di carta,1,0.0013253808529049005,1.0,6
Pablodiego15,1,0.0013253808529049005,1.0,6
Pelzmonster,1,0.0013253808529049005,1.0,6
Phil Boswell,1,0.0013253808529049005,1.0,6
PuzzletChung,1,0.0013253808529049005,1.0,6
Rakás,1,0.0013253808529049005,1.0,6
Reptilien.19831209BE1,1,0.0013253808529049005,1.0,6
Rhym,1,0.0013253808529049005,1.0,6
Rédacteur Tibet,1,0.0013253808529049005,1.0,6
Sabas88,1,0.0013253808529049005,1.0,6
Sakretsu,1,0.0013253808529049005,1.0,6
Se4598,1,0.0013253808529049005,1.0,6
Shivanarayana,1,0.0013253808529049005,1.0,6
Stang,1,0.0013253808529049005,1.0,6
Tomasz Raburski,1,0.0013253808529049005,1.0,6
Underlying lk,1,0.0013253808529049005,1.0,6
Urbanecm,1,0.0013253808529049005,1.0,6
Weapon X,1,0.0013253808529049005,1.0,6
WikiSyn,1,0.0013253808529049005,1.0,6
Ysjbserver,1,0.0013253808529049005,1.0,6
Zanimum,1,0.0013253808529049005,1.0,6
Микола Василечко,1,0.0013253808529049005,1.0,6
Спасимир,1,0.0013253808529049005,1.0,6
0000ff,1,0.0013253808529049005,1.0,5
216.151.180.62,1,0.0013253808529049005,1.0,5
79.42.21.182,1,0.0013253808529049005,1.0,5
Alex.vasenin,1,0.0013253808529049005,1.0,5
Axolotl Nr.733,1,0.0013253808529049005,1.0,5
Blackcat,1,0.0013253808529049005,1.0,5
Chrissymad,1,0.0013253808529049005,1.0,5
Dirac,1,0.0013253808529049005,1.0,5
Fa suisse,1,0.0013253808529049005,1.0,5
Felix1411,1,0.0013253808529049005,1.0,5
Fidoez,1,0.0013253808529049005,1.0,5
Gpmat,1,0.0013253808529049005,1.0,5
Gérald Garitan,1,0.0013253808529049005,1.0,5
Hiperfelix,1,0.0013253808529049005,1.0,5
Jarould,1,0.0013253808529049005,1.0,5
Jobu0101,1,0.0013253808529049005,1.0,5
Jvhertum,1,0.0013253808529049005,1.0,5
Kky,1,0.0013253808529049005,1.0,5
Kleeblatt187,1,0.0013253808529049005,1.0,5
LennBr,1,0.0013253808529049005,1.0,5
M. Krafft,1,0.0013253808529049005,1.0,5
MSGJ,1,0.0013253808529049005,1.0,5
Michał Rosa,1,0.0013253808529049005,1.0,5
Moscow Connection,1,0.0013253808529049005,1.0,5
Nicowa,1,0.0013253808529049005,1.0,5
October wind,1,0.0013253808529049005,1.0,5
Odythal,1,0.0013253808529049005,1.0,5
OnionBulb,1,0.0013253808529049005,1.0,5
PAC2,1,0.0013253808529049005,1.0,5
Putmantime,1,0.0013253808529049005,1.0,5
Rastrojo,1,0.0013253808529049005,1.0,5
Salim974,1,0.0013253808529049005,1.0,5
Sander1453,1,0.0013253808529049005,1.0,5
Segundillo,1,0.0013253808529049005,1.0,5
Shooke,1,0.0013253808529049005,1.0,5
Tdslk,1,0.0013253808529049005,1.0,5
VladXe,1,0.0013253808529049005,1.0,5
Willy31igd,1,0.0013253808529049005,1.0,5
Wpbloyd,1,0.0013253808529049005,1.0,5
Ілля Касакоў,1,0.0013253808529049005,1.0,5
Лукас Фокс,1,0.0013253808529049005,1.0,5
朝彦,1,0.0013253808529049005,1.0,5
2003:66:8F49:5718:2943:B160:37C4:744F,1,0.0013253808529049005,1.0,4
49.129.144.187,1,0.0013253808529049005,1.0,4
62.166.63.196,1,0.0013253808529049005,1.0,4
78.234.251.76,1,0.0013253808529049005,1.0,4
83.255.166.186,1,0.0013253808529049005,1.0,4
91.158.207.143,1,0.0013253808529049005,1.0,4
99of9,1,0.0013253808529049005,1.0,4
Acélan,1,0.0013253808529049005,1.0,4
Adelpine,1,0.0013253808529049005,1.0,4
Ajmcbarreto,1,0.0013253808529049005,1.0,4
Alabasterstein,1,0.0013253808529049005,1.0,4
Anonymous_username_405,1,0.0013253808529049005,1.0,4
Antur,1,0.0013253808529049005,1.0,4
Atlantia,1,0.0013253808529049005,1.0,4
B-noa,1,0.0013253808529049005,1.0,4
Basile Morin,1,0.0013253808529049005,1.0,4
Bernardo2708,1,0.0013253808529049005,1.0,4
Biggerj1,1,0.0013253808529049005,1.0,4
Bioneer1,1,0.0013253808529049005,1.0,4
CanadianCodhead,1,0.0013253808529049005,1.0,4
Casper Tinan,1,0.0013253808529049005,1.0,4
Daniel749,1,0.0013253808529049005,1.0,4
Dasilvj,1,0.0013253808529049005,1.0,4
Dgho,1,0.0013253808529049005,1.0,4
Ebaki,1,0.0013253808529049005,1.0,4
Franz Xaver,1,0.0013253808529049005,1.0,4
Galopax,1,0.0013253808529049005,1.0,4
H005,1,0.0013253808529049005,1.0,4
HeliosX,1,0.0013253808529049005,1.0,4
Hildeoc,1,0.0013253808529049005,1.0,4
Hindustanilanguage,1,0.0013253808529049005,1.0,4
Hkbusfan,1,0.0013253808529049005,1.0,4
Hosseinronaghi,1,0.0013253808529049005,1.0,4
Hour,1,0.0013253808529049005,1.0,4
INeverCry,1,0.0013253808529049005,1.0,4
Jean11,1,0.0013253808529049005,1.0,4
Jeffreyjhang,1,0.0013253808529049005,1.0,4
Johannnes89,1,0.0013253808529049005,1.0,4
KaiKemmann,1,0.0013253808529049005,1.0,4
Karima Rafes,1,0.0013253808529049005,1.0,4
Kelvin,1,0.0013253808529049005,1.0,4
Kimsaka,1,0.0013253808529049005,1.0,4
Korg,1,0.0013253808529049005,1.0,4
Koshakov,1,0.0013253808529049005,1.0,4
Lawtheagoraphobic,1,0.0013253808529049005,1.0,4
LuciOle,1,0.0013253808529049005,1.0,4
Madalberta,1,0.0013253808529049005,1.0,4
Marce79,1,0.0013253808529049005,1.0,4
Markus Schulenburg,1,0.0013253808529049005,1.0,4
MazinX,1,0.0013253808529049005,1.0,4
Mdupont,1,0.0013253808529049005,1.0,4
Mr. Granger,1,0.0013253808529049005,1.0,4
Musamies,1,0.0013253808529049005,1.0,4
NJ Giggie,1,0.0013253808529049005,1.0,4
Nick Number,1,0.0013253808529049005,1.0,4
Ninjamask,1,0.0013253808529049005,1.0,4
Panzer,1,0.0013253808529049005,1.0,4
Petr Kinšt,1,0.0013253808529049005,1.0,4
Pikolas,1,0.0013253808529049005,1.0,4
Polyglot,1,0.0013253808529049005,1.0,4
Prehistoricplanes,1,0.0013253808529049005,1.0,4
Presentime,1,0.0013253808529049005,1.0,4
Qbli2mHd,1,0.0013253808529049005,1.0,4
Quenhitran,1,0.0013253808529049005,1.0,4
Renessaince,1,0.0013253808529049005,1.0,4
Rita2008,1,0.0013253808529049005,1.0,4
RonaldH,1,0.0013253808529049005,1.0,4
Simius narrans,1,0.0013253808529049005,1.0,4
Sjgknight,1,0.0013253808529049005,1.0,4
Sjsws1078,1,0.0013253808529049005,1.0,4
Steko,1,0.0013253808529049005,1.0,4
TheAmerikaner,1,0.0013253808529049005,1.0,4
TheBellaTwins1445,1,0.0013253808529049005,1.0,4
Tomodachi94,1,0.0013253808529049005,1.0,4
Wcquidditch,1,0.0013253808529049005,1.0,4
Александр Сигачёв,1,0.0013253808529049005,1.0,4
Евгений Адаев,1,0.0013253808529049005,1.0,4
محمد عصام,1,0.0013253808529049005,1.0,4
-seko-,1,0.0013253808529049005,1.0,3
100WattGlühbirne,1,0.0013253808529049005,1.0,3
105.236.150.32,1,0.0013253808529049005,1.0,3
110.54.139.241,1,0.0013253808529049005,1.0,3
131.111.5.182,1,0.0013253808529049005,1.0,3
2003:CA:870E:7096:8977:F007:4FF3:1D4F,1,0.0013253808529049005,1.0,3
222.51.32.145,1,0.0013253808529049005,1.0,3
54.240.196.186,1,0.0013253808529049005,1.0,3
62.74.19.91,1,0.0013253808529049005,1.0,3
80.254.147.212,1,0.0013253808529049005,1.0,3
88.105.193.238,1,0.0013253808529049005,1.0,3
94.75.117.7,1,0.0013253808529049005,1.0,3
">
:{{deleted}}",1,0.0013253808529049005,1.0,3
ALLvet,1,0.0013253808529049005,1.0,3
AYST201,1,0.0013253808529049005,1.0,3
Aciram,1,0.0013253808529049005,1.0,3
Adamanttt,1,0.0013253808529049005,1.0,3
Adnergje,1,0.0013253808529049005,1.0,3
Aikugbize,1,0.0013253808529049005,1.0,3
Ain92,1,0.0013253808529049005,1.0,3
Alex299006,1,0.0013253808529049005,1.0,3
Anonymous_username_378,1,0.0013253808529049005,1.0,3
Anonymous_username_416,1,0.0013253808529049005,1.0,3
Anonymous_username_424,1,0.0013253808529049005,1.0,3
Anonymous_username_425,1,0.0013253808529049005,1.0,3
ApolloWissen,1,0.0013253808529049005,1.0,3
Arjoopy,1,0.0013253808529049005,1.0,3
Arjunaraoc,1,0.0013253808529049005,1.0,3
Autarch,1,0.0013253808529049005,1.0,3
Balloonguy,1,0.0013253808529049005,1.0,3
Bogdy,1,0.0013253808529049005,1.0,3
Bogger,1,0.0013253808529049005,1.0,3
Bthfan,1,0.0013253808529049005,1.0,3
CafferyLane,1,0.0013253808529049005,1.0,3
Capricorn4049,1,0.0013253808529049005,1.0,3
Cbrown1023,1,0.0013253808529049005,1.0,3
Cembo123,1,0.0013253808529049005,1.0,3
Chrisahn,1,0.0013253808529049005,1.0,3
Christian140,1,0.0013253808529049005,1.0,3
CyberSkull,1,0.0013253808529049005,1.0,3
D kuba,1,0.0013253808529049005,1.0,3
Daehan,1,0.0013253808529049005,1.0,3
Dodoïste,1,0.0013253808529049005,1.0,3
DonDrakon,1,0.0013253808529049005,1.0,3
DonkZZ,1,0.0013253808529049005,1.0,3
Drakosha999,1,0.0013253808529049005,1.0,3
Fekist,1,0.0013253808529049005,1.0,3
Ferdinandus,1,0.0013253808529049005,1.0,3
Fluffystar,1,0.0013253808529049005,1.0,3
Futhark1988,1,0.0013253808529049005,1.0,3
Gamliel Fishkin,1,0.0013253808529049005,1.0,3
Gi87,1,0.0013253808529049005,1.0,3
Hannahtsas,1,0.0013253808529049005,1.0,3
Harryboyles,1,0.0013253808529049005,1.0,3
Hebejebelus,1,0.0013253808529049005,1.0,3
Hercule,1,0.0013253808529049005,1.0,3
Hofoen,1,0.0013253808529049005,1.0,3
Ivi104,1,0.0013253808529049005,1.0,3
JaS,1,0.0013253808529049005,1.0,3
Jack Rabbit Slim's,1,0.0013253808529049005,1.0,3
Jason Quinn,1,0.0013253808529049005,1.0,3
Jayarathina,1,0.0013253808529049005,1.0,3
Jesuiseduardo,1,0.0013253808529049005,1.0,3
Jfbu,1,0.0013253808529049005,1.0,3
Jokerbikerboy,1,0.0013253808529049005,1.0,3
Kelovy,1,0.0013253808529049005,1.0,3
Kembangraps,1,0.0013253808529049005,1.0,3
Kgoodluck,1,0.0013253808529049005,1.0,3
Kittenono,1,0.0013253808529049005,1.0,3
Kotz,1,0.0013253808529049005,1.0,3
LatinoSeuropa,1,0.0013253808529049005,1.0,3
Leon II,1,0.0013253808529049005,1.0,3
Luis fragar,1,0.0013253808529049005,1.0,3
MWAK,1,0.0013253808529049005,1.0,3
Magalhães,1,0.0013253808529049005,1.0,3
Martin schilliger,1,0.0013253808529049005,1.0,3
Martin&#39;,1,0.0013253808529049005,1.0,3
Maxrossomachin,1,0.0013253808529049005,1.0,3
Meniv,1,0.0013253808529049005,1.0,3
Nahid.rajbd,1,0.0013253808529049005,1.0,3
Nclm,1,0.0013253808529049005,1.0,3
Nyttend,1,0.0013253808529049005,1.0,3
Olivier LPB,1,0.0013253808529049005,1.0,3
Pan-european,1,0.0013253808529049005,1.0,3
Purvel,1,0.0013253808529049005,1.0,3
Randam,1,0.0013253808529049005,1.0,3
SKBo,1,0.0013253808529049005,1.0,3
Sarrus,1,0.0013253808529049005,1.0,3
Sawol,1,0.0013253808529049005,1.0,3
Sextvå.tvånoll.ettsjunoll.sjufyra,1,0.0013253808529049005,1.0,3
Shaylegacy,1,0.0013253808529049005,1.0,3
ShoobyD,1,0.0013253808529049005,1.0,3
Silesianus,1,0.0013253808529049005,1.0,3
Small Bug,1,0.0013253808529049005,1.0,3
Smuconlaw,1,0.0013253808529049005,1.0,3
SpanishSnake,1,0.0013253808529049005,1.0,3
Stoll,1,0.0013253808529049005,1.0,3
Sylwia Ufnalska,1,0.0013253808529049005,1.0,3
Symac,1,0.0013253808529049005,1.0,3
TheGlobetrotter,1,0.0013253808529049005,1.0,3
Theoprakt,1,0.0013253808529049005,1.0,3
Therobinw,1,0.0013253808529049005,1.0,3
Thoken,1,0.0013253808529049005,1.0,3
Thomas.hori,1,0.0013253808529049005,1.0,3
Uksharma3,1,0.0013253808529049005,1.0,3
Utataneko,1,0.0013253808529049005,1.0,3
VallVit,1,0.0013253808529049005,1.0,3
Viferico,1,0.0013253808529049005,1.0,3
ZaaraTE,1,0.0013253808529049005,1.0,3
Петър Петров,1,0.0013253808529049005,1.0,3
יאיר צפורי,1,0.0013253808529049005,1.0,3
קיין ומוויסנדיק פּרעפֿערענצן,1,0.0013253808529049005,1.0,3
دالبا,1,0.0013253808529049005,1.0,3
زكريا,1,0.0013253808529049005,1.0,3
-hey-jude-r,1,0.0013253808529049005,1.0,2
1.47.231.38,1,0.0013253808529049005,1.0,2
101.98.170.108,1,0.0013253808529049005,1.0,2
105.236.93.95,1,0.0013253808529049005,1.0,2
117Avenue,1,0.0013253808529049005,1.0,2
126.254.128.123,1,0.0013253808529049005,1.0,2
146.52.110.144,1,0.0013253808529049005,1.0,2
186.84.52.99,1,0.0013253808529049005,1.0,2
188.107.174.220,1,0.0013253808529049005,1.0,2
189.132.21.18,1,0.0013253808529049005,1.0,2
191.126.17.3,1,0.0013253808529049005,1.0,2
195.78.239.122,1,0.0013253808529049005,1.0,2
2001:16D8:FF00:5F8:0:0:0:2,1,0.0013253808529049005,1.0,2
2003:4D:2C1D:FBD5:115C:383C:D95F:EE8F,1,0.0013253808529049005,1.0,2
2003:66:8F16:6F97:12DD:B1FF:FEB3:C7F7,1,0.0013253808529049005,1.0,2
2003:66:8F17:7BD1:28A0:18D7:CFB9:3E7B,1,0.0013253808529049005,1.0,2
2003:66:8F2D:84CC:12DD:B1FF:FEB3:C7F7,1,0.0013253808529049005,1.0,2
2003:66:8F2E:F154:2C1C:6B:CE97:E640,1,0.0013253808529049005,1.0,2
2003:66:8F32:6E01:12DD:B1FF:FEB3:C7F7,1,0.0013253808529049005,1.0,2
213.245.137.186,1,0.0013253808529049005,1.0,2
217.225.103.148,1,0.0013253808529049005,1.0,2
81.221.201.250,1,0.0013253808529049005,1.0,2
83.16.77.134,1,0.0013253808529049005,1.0,2
85.223.186.35,1,0.0013253808529049005,1.0,2
89.102.114.165,1,0.0013253808529049005,1.0,2
94.225.59.76,1,0.0013253808529049005,1.0,2
A1AA1A,1,0.0013253808529049005,1.0,2
Aaytrem,1,0.0013253808529049005,1.0,2
Akhil222,1,0.0013253808529049005,1.0,2
Albertojuanse,1,0.0013253808529049005,1.0,2
AndreasPraefcke,1,0.0013253808529049005,1.0,2
Anonymous_username_402,1,0.0013253808529049005,1.0,2
Anonymous_username_422,1,0.0013253808529049005,1.0,2
Anonymous_username_426,1,0.0013253808529049005,1.0,2
Anonymous_username_437,1,0.0013253808529049005,1.0,2
Antoni1626,1,0.0013253808529049005,1.0,2
Arjuno3,1,0.0013253808529049005,1.0,2
Attila Terbócs,1,0.0013253808529049005,1.0,2
B.Zsolt,1,0.0013253808529049005,1.0,2
B.orc,1,0.0013253808529049005,1.0,2
B64,1,0.0013253808529049005,1.0,2
Balablitz,1,0.0013253808529049005,1.0,2
BelgoFoot,1,0.0013253808529049005,1.0,2
Berg2,1,0.0013253808529049005,1.0,2
Brantmeierz,1,0.0013253808529049005,1.0,2
Bugi007,1,0.0013253808529049005,1.0,2
Butko,1,0.0013253808529049005,1.0,2
Christian75,1,0.0013253808529049005,1.0,2
Cocu15,1,0.0013253808529049005,1.0,2
Comy9,1,0.0013253808529049005,1.0,2
Cuvet511,1,0.0013253808529049005,1.0,2
Daniele Forsi,1,0.0013253808529049005,1.0,2
DavidMCEddy,1,0.0013253808529049005,1.0,2
DerHexer,1,0.0013253808529049005,1.0,2
Dinsdagskind,1,0.0013253808529049005,1.0,2
DirkVE,1,0.0013253808529049005,1.0,2
Dk3298371,1,0.0013253808529049005,1.0,2
DrKay,1,0.0013253808529049005,1.0,2
DracoRoboter,1,0.0013253808529049005,1.0,2
Dreizung,1,0.0013253808529049005,1.0,2
Druschba 4,1,0.0013253808529049005,1.0,2
Esoglou,1,0.0013253808529049005,1.0,2
Faigl.ladislav,1,0.0013253808529049005,1.0,2
Felisopus,1,0.0013253808529049005,1.0,2
George Chernilevsky,1,0.0013253808529049005,1.0,2
Glovacki,1,0.0013253808529049005,1.0,2
GranD,1,0.0013253808529049005,1.0,2
Greenknight dv,1,0.0013253808529049005,1.0,2
HNAKXR,1,0.0013253808529049005,1.0,2
Havarese,1,0.0013253808529049005,1.0,2
HelenOnline,1,0.0013253808529049005,1.0,2
Herzen,1,0.0013253808529049005,1.0,2
Horochodec,1,0.0013253808529049005,1.0,2
Hprmedina,1,0.0013253808529049005,1.0,2
Huji,1,0.0013253808529049005,1.0,2
JWbot,1,0.0013253808529049005,1.0,2
JeanBono,1,0.0013253808529049005,1.0,2
Jeriby,1,0.0013253808529049005,1.0,2
Jgpacker,1,0.0013253808529049005,1.0,2
Jkü,1,0.0013253808529049005,1.0,2
Josefito123,1,0.0013253808529049005,1.0,2
Judesba,1,0.0013253808529049005,1.0,2
Karel K.,1,0.0013253808529049005,1.0,2
Kemal K.,1,0.0013253808529049005,1.0,2
Ketil3,1,0.0013253808529049005,1.0,2
Khalid Benjelloun,1,0.0013253808529049005,1.0,2
Kolefan,1,0.0013253808529049005,1.0,2
Kusunose,1,0.0013253808529049005,1.0,2
Kvardek du,1,0.0013253808529049005,1.0,2
LNDDYL,1,0.0013253808529049005,1.0,2
Lennoxfretz,1,0.0013253808529049005,1.0,2
Lugnuts,1,0.0013253808529049005,1.0,2
Makki98,1,0.0013253808529049005,1.0,2
Marevalo,1,0.0013253808529049005,1.0,2
Marius2,1,0.0013253808529049005,1.0,2
Martellodifiume,1,0.0013253808529049005,1.0,2
Maundwiki,1,0.0013253808529049005,1.0,2
Mavrikant,1,0.0013253808529049005,1.0,2
Mazuritz,1,0.0013253808529049005,1.0,2
Mdmahir,1,0.0013253808529049005,1.0,2
Meauk,1,0.0013253808529049005,1.0,2
Metaodi,1,0.0013253808529049005,1.0,2
Mihai Andrei,1,0.0013253808529049005,1.0,2
Minderbinder,1,0.0013253808529049005,1.0,2
Minerv,1,0.0013253808529049005,1.0,2
Mogelzahn,1,0.0013253808529049005,1.0,2
Nachcommonsverschieber,1,0.0013253808529049005,1.0,2
Nightdevil,1,0.0013253808529049005,1.0,2
Notwillywanka,1,0.0013253808529049005,1.0,2
Nzfooty,1,0.0013253808529049005,1.0,2
Oleksandr Tahayev,1,0.0013253808529049005,1.0,2
Pallanz,1,0.0013253808529049005,1.0,2
PanchoS,1,0.0013253808529049005,1.0,2
Peppepz,1,0.0013253808529049005,1.0,2
Pierre Tribhou,1,0.0013253808529049005,1.0,2
Poem,1,0.0013253808529049005,1.0,2
Poulpy,1,0.0013253808529049005,1.0,2
Programmateur01,1,0.0013253808529049005,1.0,2
Ras67,1,0.0013253808529049005,1.0,2
Rbrausse,1,0.0013253808529049005,1.0,2
Rgkleinhenz,1,0.0013253808529049005,1.0,2
RickRichards,1,0.0013253808529049005,1.0,2
Rilegator,1,0.0013253808529049005,1.0,2
RobotGMwikt,1,0.0013253808529049005,1.0,2
Rooke,1,0.0013253808529049005,1.0,2
Rudolph Buch,1,0.0013253808529049005,1.0,2
Rwxrwxrwx,1,0.0013253808529049005,1.0,2
SElefant,1,0.0013253808529049005,1.0,2
SIryn,1,0.0013253808529049005,1.0,2
SR5,1,0.0013253808529049005,1.0,2
SRW808,1,0.0013253808529049005,1.0,2
STA3816,1,0.0013253808529049005,1.0,2
Sam.Donvil,1,0.0013253808529049005,1.0,2
Seegge,1,0.0013253808529049005,1.0,2
Selvasivagurunathan m,1,0.0013253808529049005,1.0,2
Sheltine,1,0.0013253808529049005,1.0,2
Shogiru,1,0.0013253808529049005,1.0,2
Shruggy,1,0.0013253808529049005,1.0,2
Sideways713,1,0.0013253808529049005,1.0,2
Smb1001,1,0.0013253808529049005,1.0,2
SniperMaské,1,0.0013253808529049005,1.0,2
Spinoziano,1,0.0013253808529049005,1.0,2
Sporti,1,0.0013253808529049005,1.0,2
Sportsguy17,1,0.0013253808529049005,1.0,2
Squall282,1,0.0013253808529049005,1.0,2
Stanning,1,0.0013253808529049005,1.0,2
Stephen G. Brown,1,0.0013253808529049005,1.0,2
Storkk,1,0.0013253808529049005,1.0,2
Suruena,1,0.0013253808529049005,1.0,2
Th4n3r,1,0.0013253808529049005,1.0,2
The Herald,1,0.0013253808529049005,1.0,2
The RedBurn,1,0.0013253808529049005,1.0,2
Tiputini,1,0.0013253808529049005,1.0,2
Toterich,1,0.0013253808529049005,1.0,2
Tucvbif,1,0.0013253808529049005,1.0,2
UO244709,1,0.0013253808529049005,1.0,2
Userboxes16,1,0.0013253808529049005,1.0,2
Ustill,1,0.0013253808529049005,1.0,2
Utoutouto,1,0.0013253808529049005,1.0,2
VadimVMog,1,0.0013253808529049005,1.0,2
Vincent Simar,1,0.0013253808529049005,1.0,2
Vinyasi,1,0.0013253808529049005,1.0,2
Virology of Sality,1,0.0013253808529049005,1.0,2
Vitalie Ciubotaru,1,0.0013253808529049005,1.0,2
Volgar,1,0.0013253808529049005,1.0,2
Wikilanemak,1,0.0013253808529049005,1.0,2
William915,1,0.0013253808529049005,1.0,2
Wla,1,0.0013253808529049005,1.0,2
X201,1,0.0013253808529049005,1.0,2
Xfigpower,1,0.0013253808529049005,1.0,2
Yokra,1,0.0013253808529049005,1.0,2
YuzaTea,1,0.0013253808529049005,1.0,2
Zaid Samkari,1,0.0013253808529049005,1.0,2
Šárka Praha,1,0.0013253808529049005,1.0,2
Νέανδρος,1,0.0013253808529049005,1.0,2
Вислід,1,0.0013253808529049005,1.0,2
Обывало,1,0.0013253808529049005,1.0,2
タバコはマーダー,1,0.0013253808529049005,1.0,2
董辰兴,1,0.0013253808529049005,1.0,2
102.176.65.43,1,0.0013253808529049005,1.0,1
115.40.217.55,1,0.0013253808529049005,1.0,1
134.109.184.164,1,0.0013253808529049005,1.0,1
195.210.149.129,1,0.0013253808529049005,1.0,1
2.202.171.32,1,0.0013253808529049005,1.0,1
2001:620:400:9:0:0:0:58,1,0.0013253808529049005,1.0,1
2003:66:8F03:D901:12DD:B1FF:FEB3:C7F7,1,0.0013253808529049005,1.0,1
2003:66:8F12:7201:12DD:B1FF:FEB3:C7F7,1,0.0013253808529049005,1.0,1
2003:66:8F7E:3A01:12DD:B1FF:FEB3:C7F7,1,0.0013253808529049005,1.0,1
201.43.244.49,1,0.0013253808529049005,1.0,1
207.191.12.134,1,0.0013253808529049005,1.0,1
212.243.209.194,1,0.0013253808529049005,1.0,1
24.186.223.176,1,0.0013253808529049005,1.0,1
2A01:CB00:B51:3E00:4DF2:FB31:1B3:3ED0,1,0.0013253808529049005,1.0,1
35.189.203.78,1,0.0013253808529049005,1.0,1
37.128.42.5,1,0.0013253808529049005,1.0,1
46.5.19.120,1,0.0013253808529049005,1.0,1
82.58.31.196,1,0.0013253808529049005,1.0,1
83.220.93.139,1,0.0013253808529049005,1.0,1
84.161.164.245,1,0.0013253808529049005,1.0,1
84.186.112.96,1,0.0013253808529049005,1.0,1
84.196.140.74,1,0.0013253808529049005,1.0,1
86.59.104.101,1,0.0013253808529049005,1.0,1
88.103.32.142,1,0.0013253808529049005,1.0,1
88.79.117.147,1,0.0013253808529049005,1.0,1
89.110.18.195,1,0.0013253808529049005,1.0,1
89.129.166.22,1,0.0013253808529049005,1.0,1
91.81.68.157,1,0.0013253808529049005,1.0,1
94.109.36.147,1,0.0013253808529049005,1.0,1
94.37.164.30,1,0.0013253808529049005,1.0,1
Aieieprazu,1,0.0013253808529049005,1.0,1
Aksndls,1,0.0013253808529049005,1.0,1
Alangi derick,1,0.0013253808529049005,1.0,1
Amirrezakarimii,1,0.0013253808529049005,1.0,1
Anonymous_username_583,1,0.0013253808529049005,1.0,1
Bonga,1,0.0013253808529049005,1.0,1
Bonvol,1,0.0013253808529049005,1.0,1
CalvinBall,1,0.0013253808529049005,1.0,1
Christoph Braun,1,0.0013253808529049005,1.0,1
Cipnrkorvo,1,0.0013253808529049005,1.0,1
Defjoy,1,0.0013253808529049005,1.0,1
Deror avi,1,0.0013253808529049005,1.0,1
Dm121,1,0.0013253808529049005,1.0,1
Dmelk,1,0.0013253808529049005,1.0,1
Eduen,1,0.0013253808529049005,1.0,1
Franky79,1,0.0013253808529049005,1.0,1
Gollam,1,0.0013253808529049005,1.0,1
Gotar,1,0.0013253808529049005,1.0,1
Hektor12,1,0.0013253808529049005,1.0,1
Ilustrador Wp,1,0.0013253808529049005,1.0,1
Jackentasche,1,0.0013253808529049005,1.0,1
Jmcasals,1,0.0013253808529049005,1.0,1
Johnbod,1,0.0013253808529049005,1.0,1
Keasungs,1,0.0013253808529049005,1.0,1
Kertraon,1,0.0013253808529049005,1.0,1
Kienny,1,0.0013253808529049005,1.0,1
Kopde,1,0.0013253808529049005,1.0,1
Leandrod,1,0.0013253808529049005,1.0,1
Limonadis,1,0.0013253808529049005,1.0,1
Marc-André Aßbrock,1,0.0013253808529049005,1.0,1
Michael Bednarek,1,0.0013253808529049005,1.0,1
Miluethi,1,0.0013253808529049005,1.0,1
Moreevo,1,0.0013253808529049005,1.0,1
Ndeslandes,1,0.0013253808529049005,1.0,1
Olag,1,0.0013253808529049005,1.0,1
Paranocean,1,0.0013253808529049005,1.0,1
Patangel,1,0.0013253808529049005,1.0,1
Pjacobi,1,0.0013253808529049005,1.0,1
Pölkkyposkisolisti,1,0.0013253808529049005,1.0,1
Robykiwi,1,0.0013253808529049005,1.0,1
Sathyavrath,1,0.0013253808529049005,1.0,1
SchirmerPower,1,0.0013253808529049005,1.0,1
Scientif38,1,0.0013253808529049005,1.0,1
Skyfall,1,0.0013253808529049005,1.0,1
Sportingn,1,0.0013253808529049005,1.0,1
Suhail Khan pk,1,0.0013253808529049005,1.0,1
Taamu,1,0.0013253808529049005,1.0,1
TheAustinMan,1,0.0013253808529049005,1.0,1
Thricecube,1,0.0013253808529049005,1.0,1
Tyytoo,1,0.0013253808529049005,1.0,1
U2fanboi,1,0.0013253808529049005,1.0,1
Volta Mwamba,1,0.0013253808529049005,1.0,1
Yurek88,1,0.0013253808529049005,1.0,1
Zorro2212,1,0.0013253808529049005,1.0,1
إيهاب-عبيد,1,0.0013253808529049005,1.0,1
