reference_number,accident_date,easting,northing,time_24hr,year,source_file,accident_uid,selected_area_name
120009062,2012-01-07,430375,433514,1030,2012,2012.csv,2012_120009062,leeds_central_selected_box
120020522,2012-01-14,430398,433640,1020,2012,2012.csv,2012_120020522,leeds_central_selected_box
120022848,2012-01-16,430269,433755,739,2012,2012.csv,2012_120022848,leeds_central_selected_box
120028885,2012-01-19,430656,433718,1255,2012,2012.csv,2012_120028885,leeds_central_selected_box
120041527,2012-01-27,430393,433608,1310,2012,2012.csv,2012_120041527,leeds_central_selected_box
120042973,2012-01-27,430879,433359,1800,2012,2012.csv,2012_120042973,leeds_central_selected_box
120050598,2012-01-29,430454,433955,2300,2012,2012.csv,2012_120050598,leeds_central_selected_box
120049784,2012-02-01,430380,433567,1235,2012,2012.csv,2012_120049784,leeds_central_selected_box
120052192,2012-02-03,430415,433704,910,2012,2012.csv,2012_120052192,leeds_central_selected_box
120056329,2012-02-06,430436,433966,920,2012,2012.csv,2012_120056329,leeds_central_selected_box
120074400,2012-02-17,430686,434136,1706,2012,2012.csv,2012_120074400,leeds_central_selected_box
120085863,2012-02-24,430080,433883,1505,2012,2012.csv,2012_120085863,leeds_central_selected_box
120091076,2012-02-25,429921,434146,1005,2012,2012.csv,2012_120091076,leeds_central_selected_box
120095078,2012-03-01,430872,434204,920,2012,2012.csv,2012_120095078,leeds_central_selected_box
120120080,2012-03-15,430630,434222,1110,2012,2012.csv,2012_120120080,leeds_central_selected_box
120121830,2012-03-17,429910,433953,1021,2012,2012.csv,2012_120121830,leeds_central_selected_box
120139844,2012-03-27,430455,433681,1505,2012,2012.csv,2012_120139844,leeds_central_selected_box
120139215,2012-03-28,430382,433580,950,2012,2012.csv,2012_120139215,leeds_central_selected_box
120140240,2012-03-28,430446,433936,1454,2012,2012.csv,2012_120140240,leeds_central_selected_box
120140338,2012-03-28,430456,433926,1800,2012,2012.csv,2012_120140338,leeds_central_selected_box
120143351,2012-03-30,430268,433744,1325,2012,2012.csv,2012_120143351,leeds_central_selected_box
120144505,2012-03-30,429911,433795,2340,2012,2012.csv,2012_120144505,leeds_central_selected_box
120147260,2012-04-02,430420,433732,953,2012,2012.csv,2012_120147260,leeds_central_selected_box
120149769,2012-04-02,430829,433823,1250,2012,2012.csv,2012_120149769,leeds_central_selected_box
120152067,2012-04-05,430668,433650,843,2012,2012.csv,2012_120152067,leeds_central_selected_box
120157142,2012-04-09,429915,434257,1410,2012,2012.csv,2012_120157142,leeds_central_selected_box
120165739,2012-04-15,430448,433456,1140,2012,2012.csv,2012_120165739,leeds_central_selected_box
120170957,2012-04-15,430684,433451,1500,2012,2012.csv,2012_120170957,leeds_central_selected_box
120169305,2012-04-17,430806,433453,1555,2012,2012.csv,2012_120169305,leeds_central_selected_box
120170118,2012-04-18,429924,434247,830,2012,2012.csv,2012_120170118,leeds_central_selected_box
120173652,2012-04-20,429904,433480,1015,2012,2012.csv,2012_120173652,leeds_central_selected_box
120178552,2012-04-23,430016,434095,1330,2012,2012.csv,2012_120178552,leeds_central_selected_box
120183864,2012-04-26,430339,433387,1400,2012,2012.csv,2012_120183864,leeds_central_selected_box
120193578,2012-05-03,430727,433587,1145,2012,2012.csv,2012_120193578,leeds_central_selected_box
120193856,2012-05-03,430441,433291,1315,2012,2012.csv,2012_120193856,leeds_central_selected_box
120196914,2012-05-05,429797,433826,1115,2012,2012.csv,2012_120196914,leeds_central_selected_box
120197343,2012-05-05,430621,433454,1535,2012,2012.csv,2012_120197343,leeds_central_selected_box
120198532,2012-05-06,429852,433659,1359,2012,2012.csv,2012_120198532,leeds_central_selected_box
120199961,2012-05-07,429885,433408,2325,2012,2012.csv,2012_120199961,leeds_central_selected_box
120204644,2012-05-10,430785,433453,1635,2012,2012.csv,2012_120204644,leeds_central_selected_box
120216660,2012-05-16,430355,433445,1645,2012,2012.csv,2012_120216660,leeds_central_selected_box
120218929,2012-05-19,429829,433403,1715,2012,2012.csv,2012_120218929,leeds_central_selected_box
120226575,2012-05-24,430044,434023,1150,2012,2012.csv,2012_120226575,leeds_central_selected_box
120234401,2012-05-29,430701,433606,1100,2012,2012.csv,2012_120234401,leeds_central_selected_box
120235442,2012-05-29,429933,433540,1451,2012,2012.csv,2012_120235442,leeds_central_selected_box
120236987,2012-05-30,429796,433788,2330,2012,2012.csv,2012_120236987,leeds_central_selected_box
120238291,2012-05-30,430778,433479,840,2012,2012.csv,2012_120238291,leeds_central_selected_box
120242748,2012-06-03,430791,433470,2355,2012,2012.csv,2012_120242748,leeds_central_selected_box
120263152,2012-06-12,430426,433962,1128,2012,2012.csv,2012_120263152,leeds_central_selected_box
120281894,2012-06-16,430391,433479,910,2012,2012.csv,2012_120281894,leeds_central_selected_box
120265237,2012-06-19,430039,434050,1715,2012,2012.csv,2012_120265237,leeds_central_selected_box
120286209,2012-07-03,430380,433579,1040,2012,2012.csv,2012_120286209,leeds_central_selected_box
120292063,2012-07-06,430008,434157,1505,2012,2012.csv,2012_120292063,leeds_central_selected_box
120297170,2012-07-10,430016,434150,808,2012,2012.csv,2012_120297170,leeds_central_selected_box
120301346,2012-07-12,430876,433358,1555,2012,2012.csv,2012_120301346,leeds_central_selected_box
120304783,2012-07-14,430595,433431,1656,2012,2012.csv,2012_120304783,leeds_central_selected_box
120311517,2012-07-18,430785,433450,830,2012,2012.csv,2012_120311517,leeds_central_selected_box
120316659,2012-07-21,430718,434127,1330,2012,2012.csv,2012_120316659,leeds_central_selected_box
120318017,2012-07-23,430639,433678,1030,2012,2012.csv,2012_120318017,leeds_central_selected_box
120323327,2012-07-26,430402,433668,1100,2012,2012.csv,2012_120323327,leeds_central_selected_box
120324460,2012-07-27,430876,434235,845,2012,2012.csv,2012_120324460,leeds_central_selected_box
120328178,2012-07-29,430348,433417,2010,2012,2012.csv,2012_120328178,leeds_central_selected_box
120334460,2012-08-02,430773,433332,1315,2012,2012.csv,2012_120334460,leeds_central_selected_box
120348781,2012-08-11,430774,433447,1634,2012,2012.csv,2012_120348781,leeds_central_selected_box
120352872,2012-08-13,430785,433452,1820,2012,2012.csv,2012_120352872,leeds_central_selected_box
120366134,2012-08-22,430060,433648,1720,2012,2012.csv,2012_120366134,leeds_central_selected_box
120366693,2012-08-23,430784,433340,45,2012,2012.csv,2012_120366693,leeds_central_selected_box
120371071,2012-08-26,430045,433940,151,2012,2012.csv,2012_120371071,leeds_central_selected_box
120373866,2012-08-28,430885,433363,955,2012,2012.csv,2012_120373866,leeds_central_selected_box
120381146,2012-09-01,429885,433397,1748,2012,2012.csv,2012_120381146,leeds_central_selected_box
120407441,2012-09-20,430475,433750,900,2012,2012.csv,2012_120407441,leeds_central_selected_box
120407492,2012-09-20,430143,434240,759,2012,2012.csv,2012_120407492,leeds_central_selected_box
120414470,2012-09-24,430636,433692,2040,2012,2012.csv,2012_120414470,leeds_central_selected_box
120417171,2012-09-26,430207,433396,238,2012,2012.csv,2012_120417171,leeds_central_selected_box
120417522,2012-09-26,430873,434251,1230,2012,2012.csv,2012_120417522,leeds_central_selected_box
120419885,2012-09-28,430681,433702,1235,2012,2012.csv,2012_120419885,leeds_central_selected_box
120435427,2012-10-08,430456,433954,2130,2012,2012.csv,2012_120435427,leeds_central_selected_box
120436725,2012-10-09,430346,434192,1435,2012,2012.csv,2012_120436725,leeds_central_selected_box
120437761,2012-10-09,430171,433393,1400,2012,2012.csv,2012_120437761,leeds_central_selected_box
120440506,2012-10-11,430015,434128,200,2012,2012.csv,2012_120440506,leeds_central_selected_box
120477567,2012-10-13,429945,433296,2053,2012,2012.csv,2012_120477567,leeds_central_selected_box
120452226,2012-10-19,430378,433503,1334,2012,2012.csv,2012_120452226,leeds_central_selected_box
120455341,2012-10-21,430073,433935,405,2012,2012.csv,2012_120455341,leeds_central_selected_box
120456432,2012-10-22,429913,434258,855,2012,2012.csv,2012_120456432,leeds_central_selected_box
120466278,2012-10-25,430216,434368,1610,2012,2012.csv,2012_120466278,leeds_central_selected_box
120467209,2012-10-26,430102,433369,917,2012,2012.csv,2012_120467209,leeds_central_selected_box
120468045,2012-10-26,430438,433449,1914,2012,2012.csv,2012_120468045,leeds_central_selected_box
120471770,2012-10-28,430333,433389,2330,2012,2012.csv,2012_120471770,leeds_central_selected_box
120471999,2012-10-29,430079,433935,1635,2012,2012.csv,2012_120471999,leeds_central_selected_box
120473934,2012-10-30,429912,433930,845,2012,2012.csv,2012_120473934,leeds_central_selected_box
120475399,2012-11-01,430064,433780,235,2012,2012.csv,2012_120475399,leeds_central_selected_box
120479215,2012-11-03,430701,433628,1310,2012,2012.csv,2012_120479215,leeds_central_selected_box
120482010,2012-11-05,430656,433665,1248,2012,2012.csv,2012_120482010,leeds_central_selected_box
120486988,2012-11-08,429927,434278,1504,2012,2012.csv,2012_120486988,leeds_central_selected_box
120488867,2012-11-09,430478,433455,1646,2012,2012.csv,2012_120488867,leeds_central_selected_box
120490517,2012-11-10,430035,434056,2200,2012,2012.csv,2012_120490517,leeds_central_selected_box
120490984,2012-11-11,430451,433944,750,2012,2012.csv,2012_120490984,leeds_central_selected_box
120492608,2012-11-12,430188,433964,1127,2012,2012.csv,2012_120492608,leeds_central_selected_box
120495157,2012-11-13,430352,433723,1616,2012,2012.csv,2012_120495157,leeds_central_selected_box
120503060,2012-11-18,430253,433402,450,2012,2012.csv,2012_120503060,leeds_central_selected_box
120522513,2012-12-01,429800,433923,5,2012,2012.csv,2012_120522513,leeds_central_selected_box
120532843,2012-12-07,429983,434064,2315,2012,2012.csv,2012_120532843,leeds_central_selected_box
120535924,2012-12-08,430142,433764,1340,2012,2012.csv,2012_120535924,leeds_central_selected_box
120534836,2012-12-09,429795,433796,1040,2012,2012.csv,2012_120534836,leeds_central_selected_box
120535837,2012-12-09,429985,433396,30,2012,2012.csv,2012_120535837,leeds_central_selected_box
120545685,2012-12-16,430241,433398,350,2012,2012.csv,2012_120545685,leeds_central_selected_box
120545842,2012-12-16,430325,433290,308,2012,2012.csv,2012_120545842,leeds_central_selected_box
120549240,2012-12-18,429815,433404,1312,2012,2012.csv,2012_120549240,leeds_central_selected_box
120549758,2012-12-19,430859,434153,835,2012,2012.csv,2012_120549758,leeds_central_selected_box
120559644,2012-12-27,430388,433607,1138,2012,2012.csv,2012_120559644,leeds_central_selected_box
120564333,2012-12-31,430186,433934,1713,2012,2012.csv,2012_120564333,leeds_central_selected_box
130023385,2013-01-16,430374,433485,2015,2013,2013.csv,2013_130023385,leeds_central_selected_box
130023395,2013-01-16,429794,433923,2100,2013,2013.csv,2013_130023395,leeds_central_selected_box
130026506,2013-01-18,430877,433880,2100,2013,2013.csv,2013_130026506,leeds_central_selected_box
130012900,2013-01-09,430266,433985,1800,2013,2013.csv,2013_130012900,leeds_central_selected_box
130019050,2013-01-14,430839,433997,735,2013,2013.csv,2013_130019050,leeds_central_selected_box
130035563,2013-01-25,430549,433450,835,2013,2013.csv,2013_130035563,leeds_central_selected_box
130048841,2013-02-02,430232,433349,320,2013,2013.csv,2013_130048841,leeds_central_selected_box
130064764,2013-02-12,430361,433439,1630,2013,2013.csv,2013_130064764,leeds_central_selected_box
130067415,2013-02-12,430122,434386,2000,2013,2013.csv,2013_130067415,leeds_central_selected_box
130076068,2013-02-19,430851,434075,828,2013,2013.csv,2013_130076068,leeds_central_selected_box
130079762,2013-02-21,430840,433466,2035,2013,2013.csv,2013_130079762,leeds_central_selected_box
130090039,2013-02-28,430443,433718,2200,2013,2013.csv,2013_130090039,leeds_central_selected_box
130090045,2013-02-28,430660,433926,2245,2013,2013.csv,2013_130090045,leeds_central_selected_box
130090846,2013-02-28,430327,433897,1705,2013,2013.csv,2013_130090846,leeds_central_selected_box
130091406,2013-02-28,430619,433724,1215,2013,2013.csv,2013_130091406,leeds_central_selected_box
130093162,2013-03-02,429935,433739,2223,2013,2013.csv,2013_130093162,leeds_central_selected_box
130104305,2013-03-10,430343,433408,430,2013,2013.csv,2013_130104305,leeds_central_selected_box
130107674,2013-03-12,430418,433774,1125,2013,2013.csv,2013_130107674,leeds_central_selected_box
130115312,2013-03-17,430876,433470,520,2013,2013.csv,2013_130115312,leeds_central_selected_box
130115852,2013-03-16,430413,433399,410,2013,2013.csv,2013_130115852,leeds_central_selected_box
130128616,2013-03-14,430002,434155,1630,2013,2013.csv,2013_130128616,leeds_central_selected_box
130148327,2013-04-10,430712,433585,655,2013,2013.csv,2013_130148327,leeds_central_selected_box
130148545,2013-04-10,430845,433466,1110,2013,2013.csv,2013_130148545,leeds_central_selected_box
130150436,2013-04-11,430151,434124,1505,2013,2013.csv,2013_130150436,leeds_central_selected_box
130156332,2013-04-15,430794,433460,1608,2013,2013.csv,2013_130156332,leeds_central_selected_box
130157270,2013-04-14,430798,433447,430,2013,2013.csv,2013_130157270,leeds_central_selected_box
130157729,2013-04-16,430431,433862,1625,2013,2013.csv,2013_130157729,leeds_central_selected_box
130173096,2013-04-27,430422,433331,322,2013,2013.csv,2013_130173096,leeds_central_selected_box
130174360,2013-04-27,430628,433450,1300,2013,2013.csv,2013_130174360,leeds_central_selected_box
130186179,2013-05-01,429915,434257,1740,2013,2013.csv,2013_130186179,leeds_central_selected_box
130215465,2013-05-24,429986,433393,1630,2013,2013.csv,2013_130215465,leeds_central_selected_box
130216788,2013-05-25,430379,433555,1615,2013,2013.csv,2013_130216788,leeds_central_selected_box
130220341,2013-05-28,430409,433685,1350,2013,2013.csv,2013_130220341,leeds_central_selected_box
130223696,2013-05-30,430796,433453,2220,2013,2013.csv,2013_130223696,leeds_central_selected_box
130235998,2013-06-08,429883,433507,1550,2013,2013.csv,2013_130235998,leeds_central_selected_box
130248823,2013-06-16,430616,434203,1830,2013,2013.csv,2013_130248823,leeds_central_selected_box
130251500,2013-06-18,430851,434073,1720,2013,2013.csv,2013_130251500,leeds_central_selected_box
130264387,2013-06-27,430429,434305,755,2013,2013.csv,2013_130264387,leeds_central_selected_box
130271035,2013-06-29,430635,433451,1915,2013,2013.csv,2013_130271035,leeds_central_selected_box
130283363,2013-07-09,430311,433394,1034,2013,2013.csv,2013_130283363,leeds_central_selected_box
130292784,2013-07-16,430826,433935,840,2013,2013.csv,2013_130292784,leeds_central_selected_box
130299853,2013-07-20,430401,433440,1751,2013,2013.csv,2013_130299853,leeds_central_selected_box
130301645,2013-07-21,430066,433783,1340,2013,2013.csv,2013_130301645,leeds_central_selected_box
130305039,2013-07-24,430378,433500,848,2013,2013.csv,2013_130305039,leeds_central_selected_box
130305349,2013-07-24,430444,433457,1154,2013,2013.csv,2013_130305349,leeds_central_selected_box
130305402,2013-07-24,430852,434104,1154,2013,2013.csv,2013_130305402,leeds_central_selected_box
130311517,2013-07-28,429902,433930,1600,2013,2013.csv,2013_130311517,leeds_central_selected_box
130318592,2013-08-02,430422,433978,1,2013,2013.csv,2013_130318592,leeds_central_selected_box
130319248,2013-08-02,430727,433586,1735,2013,2013.csv,2013_130319248,leeds_central_selected_box
130322559,2013-08-05,430862,434174,1015,2013,2013.csv,2013_130322559,leeds_central_selected_box
130339961,2013-08-16,430375,433502,1520,2013,2013.csv,2013_130339961,leeds_central_selected_box
130344763,2013-08-20,430785,433826,1810,2013,2013.csv,2013_130344763,leeds_central_selected_box
130351121,2013-08-24,430030,434089,1620,2013,2013.csv,2013_130351121,leeds_central_selected_box
130354156,2013-08-24,430417,433712,1500,2013,2013.csv,2013_130354156,leeds_central_selected_box
130360317,2013-08-31,430142,433773,1450,2013,2013.csv,2013_130360317,leeds_central_selected_box
130369499,2013-09-06,430564,433695,1640,2013,2013.csv,2013_130369499,leeds_central_selected_box
130372907,2013-09-09,430059,433985,1335,2013,2013.csv,2013_130372907,leeds_central_selected_box
130385588,2013-09-18,430192,434346,936,2013,2013.csv,2013_130385588,leeds_central_selected_box
130390101,2013-09-20,430302,433386,2015,2013,2013.csv,2013_130390101,leeds_central_selected_box
130393218,2013-09-23,430055,433648,1600,2013,2013.csv,2013_130393218,leeds_central_selected_box
130399685,2013-09-27,430294,433813,2221,2013,2013.csv,2013_130399685,leeds_central_selected_box
130419694,2013-10-11,430438,433615,1213,2013,2013.csv,2013_130419694,leeds_central_selected_box
130421771,2013-10-12,430859,434151,2200,2013,2013.csv,2013_130421771,leeds_central_selected_box
130422639,2013-10-13,430233,433394,1,2013,2013.csv,2013_130422639,leeds_central_selected_box
130425080,2013-10-14,429866,434308,1435,2013,2013.csv,2013_130425080,leeds_central_selected_box
130431414,2013-10-19,430577,433451,1440,2013,2013.csv,2013_130431414,leeds_central_selected_box
130432851,2013-10-20,430104,433928,215,2013,2013.csv,2013_130432851,leeds_central_selected_box
130433931,2013-10-21,430456,433682,1325,2013,2013.csv,2013_130433931,leeds_central_selected_box
130437362,2013-10-22,430884,433481,2250,2013,2013.csv,2013_130437362,leeds_central_selected_box
130438231,2013-10-24,430311,433522,1024,2013,2013.csv,2013_130438231,leeds_central_selected_box
130462441,2013-11-09,430798,433443,720,2013,2013.csv,2013_130462441,leeds_central_selected_box
130466550,2013-11-12,430378,433543,1120,2013,2013.csv,2013_130466550,leeds_central_selected_box
130468091,2013-11-13,429796,433969,1118,2013,2013.csv,2013_130468091,leeds_central_selected_box
130479887,2013-10-19,430331,433897,2245,2013,2013.csv,2013_130479887,leeds_central_selected_box
130481380,2013-11-22,430531,433390,1240,2013,2013.csv,2013_130481380,leeds_central_selected_box
130483251,2013-11-23,430007,433379,1730,2013,2013.csv,2013_130483251,leeds_central_selected_box
130483548,2013-11-24,430534,433295,315,2013,2013.csv,2013_130483548,leeds_central_selected_box
130490312,2013-11-28,430182,434363,1601,2013,2013.csv,2013_130490312,leeds_central_selected_box
130490436,2013-11-23,430817,433935,1720,2013,2013.csv,2013_130490436,leeds_central_selected_box
130491088,2013-11-29,430400,433724,750,2013,2013.csv,2013_130491088,leeds_central_selected_box
130500592,2013-12-04,429853,433527,1800,2013,2013.csv,2013_130500592,leeds_central_selected_box
130503805,2013-12-08,430816,433877,1100,2013,2013.csv,2013_130503805,leeds_central_selected_box
130508944,2013-12-11,430510,433452,1752,2013,2013.csv,2013_130508944,leeds_central_selected_box
130509374,2013-12-12,429936,434301,710,2013,2013.csv,2013_130509374,leeds_central_selected_box
130511558,2013-12-04,430009,433379,830,2013,2013.csv,2013_130511558,leeds_central_selected_box
130518805,2013-12-18,430065,433785,1620,2013,2013.csv,2013_130518805,leeds_central_selected_box
130518861,2013-12-11,430372,433492,1015,2013,2013.csv,2013_130518861,leeds_central_selected_box
130524020,2013-12-21,430354,433430,1630,2013,2013.csv,2013_130524020,leeds_central_selected_box
130524404,2013-12-22,430724,433756,1705,2013,2013.csv,2013_130524404,leeds_central_selected_box
130526621,2013-12-24,430416,433774,1135,2013,2013.csv,2013_130526621,leeds_central_selected_box
130528890,2013-12-23,430215,434366,1200,2013,2013.csv,2013_130528890,leeds_central_selected_box
130530179,2013-12-27,430414,433717,1300,2013,2013.csv,2013_130530179,leeds_central_selected_box
130530777,2013-12-28,429796,433922,1300,2013,2013.csv,2013_130530777,leeds_central_selected_box
12M0822,2014-02-22,430373,433481,1245,2014,2014.csv,2014_12M0822,leeds_central_selected_box
12N1843,2014-02-23,429804,433477,2303,2014,2014.csv,2014_12N1843,leeds_central_selected_box
12O0439,2014-02-24,430066,433771,1036,2014,2014.csv,2014_12O0439,leeds_central_selected_box
12O1421,2014-02-24,430634,433453,1835,2014,2014.csv,2014_12O1421,leeds_central_selected_box
12R0675,2014-02-27,430717,434135,1300,2014,2014.csv,2014_12R0675,leeds_central_selected_box
1371450,2014-03-07,430393,433628,1756,2014,2014.csv,2014_1371450,leeds_central_selected_box
13A0340,2014-03-10,430373,433501,904,2014,2014.csv,2014_13A0340,leeds_central_selected_box
13A0504,2014-03-10,430417,433473,1033,2014,2014.csv,2014_13A0504,leeds_central_selected_box
13D1532,2014-03-13,430122,433931,1931,2014,2014.csv,2014_13D1532,leeds_central_selected_box
13F1387,2014-03-15,430220,434373,1818,2014,2014.csv,2014_13F1387,leeds_central_selected_box
13M0191,2014-03-22,430017,434106,210,2014,2014.csv,2014_13M0191,leeds_central_selected_box
13P1326,2014-03-25,430633,433696,1641,2014,2014.csv,2014_13P1326,leeds_central_selected_box
13R0628,2014-03-27,429931,433518,1321,2014,2014.csv,2014_13R0628,leeds_central_selected_box
13S0610,2014-03-28,430335,433394,1238,2014,2014.csv,2014_13S0610,leeds_central_selected_box
13S1215,2014-03-28,430662,433929,1716,2014,2014.csv,2014_13S1215,leeds_central_selected_box
140010999,2014-01-03,429817,433660,1910,2014,2014.csv,2014_140010999,leeds_central_selected_box
140012302,2014-01-01,430481,433453,5,2014,2014.csv,2014_140012302,leeds_central_selected_box
140026876,2014-01-20,430503,434083,145,2014,2014.csv,2014_140026876,leeds_central_selected_box
140034129,2014-01-24,430266,433735,1540,2014,2014.csv,2014_140034129,leeds_central_selected_box
140043770,2014-01-31,429791,433962,2112,2014,2014.csv,2014_140043770,leeds_central_selected_box
140043796,2014-02-01,429798,433788,35,2014,2014.csv,2014_140043796,leeds_central_selected_box
140044522,2014-02-01,430493,433709,1515,2014,2014.csv,2014_140044522,leeds_central_selected_box
140053144,2014-01-13,430673,434339,910,2014,2014.csv,2014_140053144,leeds_central_selected_box
140096680,2014-03-09,430278,434313,200,2014,2014.csv,2014_140096680,leeds_central_selected_box
1421333,2014-04-02,430576,433446,1600,2014,2014.csv,2014_1421333,leeds_central_selected_box
1450279,2014-04-05,429887,434264,315,2014,2014.csv,2014_1450279,leeds_central_selected_box
1461278,2014-04-06,430413,433714,1640,2014,2014.csv,2014_1461278,leeds_central_selected_box
1470521,2014-04-05,430775,433453,945,2014,2014.csv,2014_1470521,leeds_central_selected_box
1480678,2014-04-08,430473,433750,1250,2014,2014.csv,2014_1480678,leeds_central_selected_box
14I0431,2014-04-17,430508,433455,2315,2014,2014.csv,2014_14I0431,leeds_central_selected_box
14I0904,2014-04-18,430212,433401,1518,2014,2014.csv,2014_14I0904,leeds_central_selected_box
14K0632,2014-04-06,430232,433425,15,2014,2014.csv,2014_14K0632,leeds_central_selected_box
14M0162,2014-04-22,430064,433776,542,2014,2014.csv,2014_14M0162,leeds_central_selected_box
14Q1587,2014-04-25,429946,433788,1940,2014,2014.csv,2014_14Q1587,leeds_central_selected_box
14U1145,2014-04-30,430629,434216,1500,2014,2014.csv,2014_14U1145,leeds_central_selected_box
15B0557,2014-05-11,430383,433575,1100,2014,2014.csv,2014_15B0557,leeds_central_selected_box
15C1074,2014-05-12,430260,434079,1615,2014,2014.csv,2014_15C1074,leeds_central_selected_box
15D0396,2014-05-13,429887,434259,953,2014,2014.csv,2014_15D0396,leeds_central_selected_box
15E1064,2014-05-14,430678,433542,1350,2014,2014.csv,2014_15E1064,leeds_central_selected_box
15J1610,2014-05-19,430785,433345,1915,2014,2014.csv,2014_15J1610,leeds_central_selected_box
15Q0515,2014-05-26,430634,433681,1008,2014,2014.csv,2014_15Q0515,leeds_central_selected_box
15R1430,2014-05-27,430087,433772,1445,2014,2014.csv,2014_15R1430,leeds_central_selected_box
1610836,2014-06-01,430877,434256,1248,2014,2014.csv,2014_1610836,leeds_central_selected_box
1630945,2014-06-09,430798,433458,945,2014,2014.csv,2014_1630945,leeds_central_selected_box
16A0804,2014-06-11,430413,433724,1353,2014,2014.csv,2014_16A0804,leeds_central_selected_box
16B1196,2014-06-11,430765,433452,1545,2014,2014.csv,2014_16B1196,leeds_central_selected_box
16K1653,2014-06-20,429804,433477,1730,2014,2014.csv,2014_16K1653,leeds_central_selected_box
16O0806,2014-06-24,430403,433667,1315,2014,2014.csv,2014_16O0806,leeds_central_selected_box
16P1567,2014-06-25,430032,433375,1800,2014,2014.csv,2014_16P1567,leeds_central_selected_box
16S0273,2014-06-28,430788,433328,405,2014,2014.csv,2014_16S0273,leeds_central_selected_box
16S0581,2014-06-28,430073,433865,1031,2014,2014.csv,2014_16S0581,leeds_central_selected_box
16U0766,2014-06-30,430414,433725,1200,2014,2014.csv,2014_16U0766,leeds_central_selected_box
1710459,2014-07-01,430375,433496,1010,2014,2014.csv,2014_1710459,leeds_central_selected_box
1720356,2014-07-02,430340,433391,916,2014,2014.csv,2014_1720356,leeds_central_selected_box
1720475,2014-07-02,430837,434002,750,2014,2014.csv,2014_1720475,leeds_central_selected_box
1741601,2014-07-04,429954,433798,1900,2014,2014.csv,2014_1741601,leeds_central_selected_box
1750411,2014-07-05,430875,434352,1510,2014,2014.csv,2014_1750411,leeds_central_selected_box
17B0790,2014-07-08,430097,433830,1335,2014,2014.csv,2014_17B0790,leeds_central_selected_box
17C2155,2014-07-12,429939,433389,2315,2014,2014.csv,2014_17C2155,leeds_central_selected_box
17E0742,2014-07-14,430878,434323,1249,2014,2014.csv,2014_17E0742,leeds_central_selected_box
17I1703,2014-07-18,430844,433470,1925,2014,2014.csv,2014_17I1703,leeds_central_selected_box
17L0495,2014-07-20,430306,433854,230,2014,2014.csv,2014_17L0495,leeds_central_selected_box
17N0976,2014-07-23,430846,433470,1508,2014,2014.csv,2014_17N0976,leeds_central_selected_box
17O1143,2014-07-24,430812,433798,1634,2014,2014.csv,2014_17O1143,leeds_central_selected_box
17R0120,2014-07-27,430881,433361,54,2014,2014.csv,2014_17R0120,leeds_central_selected_box
17T1202,2014-07-29,430422,433964,1700,2014,2014.csv,2014_17T1202,leeds_central_selected_box
17T1602,2014-07-29,429935,433609,1657,2014,2014.csv,2014_17T1602,leeds_central_selected_box
1851416,2014-08-05,430081,433864,1928,2014,2014.csv,2014_1851416,leeds_central_selected_box
1860189,2014-08-06,429946,434287,445,2014,2014.csv,2014_1860189,leeds_central_selected_box
1870357,2014-08-08,430839,434003,842,2014,2014.csv,2014_1870357,leeds_central_selected_box
1891263,2014-08-09,430295,433732,1710,2014,2014.csv,2014_1891263,leeds_central_selected_box
18A1643,2014-08-10,430785,433439,2302,2014,2014.csv,2014_18A1643,leeds_central_selected_box
18G1706,2014-08-16,430427,433460,2215,2014,2014.csv,2014_18G1706,leeds_central_selected_box
18K0947,2014-08-20,429858,433787,1535,2014,2014.csv,2014_18K0947,leeds_central_selected_box
1920518,2014-09-02,430863,434357,1100,2014,2014.csv,2014_1920518,leeds_central_selected_box
19B1395,2014-09-11,429846,433793,1710,2014,2014.csv,2014_19B1395,leeds_central_selected_box
19D0736,2014-09-13,429789,433800,1215,2014,2014.csv,2014_19D0736,leeds_central_selected_box
19J1054,2014-09-19,430350,433429,1612,2014,2014.csv,2014_19J1054,leeds_central_selected_box
19O0778,2014-09-24,429914,433490,1425,2014,2014.csv,2014_19O0778,leeds_central_selected_box
19T0743,2014-09-29,430646,433445,1125,2014,2014.csv,2014_19T0743,leeds_central_selected_box
1A21064,2014-10-02,430407,433684,1644,2014,2014.csv,2014_1A21064,leeds_central_selected_box
1A30971,2014-10-03,430790,433468,1550,2014,2014.csv,2014_1A30971,leeds_central_selected_box
1A40849,2014-10-04,430313,433457,849,2014,2014.csv,2014_1A40849,leeds_central_selected_box
1A50307,2014-10-05,430204,433920,409,2014,2014.csv,2014_1A50307,leeds_central_selected_box
1A60839,2014-10-03,429889,433412,1335,2014,2014.csv,2014_1A60839,leeds_central_selected_box
1AA1092,2014-10-10,430056,433473,1700,2014,2014.csv,2014_1AA1092,leeds_central_selected_box
1AB0359,2014-10-11,430429,433995,556,2014,2014.csv,2014_1AB0359,leeds_central_selected_box
1AI0900,2014-10-18,430641,433827,1405,2014,2014.csv,2014_1AI0900,leeds_central_selected_box
1AM1173,2014-10-22,430338,434229,1730,2014,2014.csv,2014_1AM1173,leeds_central_selected_box
1B10073,2014-11-01,429950,434361,115,2014,2014.csv,2014_1B10073,leeds_central_selected_box
1B60264,2014-11-06,430725,433590,804,2014,2014.csv,2014_1B60264,leeds_central_selected_box
1BC1349,2014-11-12,430832,433303,1905,2014,2014.csv,2014_1BC1349,leeds_central_selected_box
1BC1703,2014-11-13,430817,433903,2334,2014,2014.csv,2014_1BC1703,leeds_central_selected_box
1BD0941,2014-11-13,429931,433602,1340,2014,2014.csv,2014_1BD0941,leeds_central_selected_box
1BD1084,2014-11-13,430700,433611,1630,2014,2014.csv,2014_1BD1084,leeds_central_selected_box
1BF0605,2014-11-15,430374,433563,1039,2014,2014.csv,2014_1BF0605,leeds_central_selected_box
1BI1481,2014-11-18,430832,434317,1935,2014,2014.csv,2014_1BI1481,leeds_central_selected_box
1BO0266,2014-11-24,430439,434380,840,2014,2014.csv,2014_1BO0266,leeds_central_selected_box
1BP1384,2014-11-25,429936,433352,2112,2014,2014.csv,2014_1BP1384,leeds_central_selected_box
1BT1587,2014-11-29,430122,433776,1200,2014,2014.csv,2014_1BT1587,leeds_central_selected_box
1C11021,2014-12-01,429913,433934,1609,2014,2014.csv,2014_1C11021,leeds_central_selected_box
1C20709,2014-12-02,429987,433297,1255,2014,2014.csv,2014_1C20709,leeds_central_selected_box
1C91483,2014-12-09,429794,433798,2115,2014,2014.csv,2014_1C91483,leeds_central_selected_box
1CB0981,2014-12-11,430867,434253,1625,2014,2014.csv,2014_1CB0981,leeds_central_selected_box
1CD1136,2014-12-13,430386,433600,1640,2014,2014.csv,2014_1CD1136,leeds_central_selected_box
1CE0243,2014-12-14,430859,433343,250,2014,2014.csv,2014_1CE0243,leeds_central_selected_box
1CG0771,2014-12-16,430701,433612,1441,2014,2014.csv,2014_1CG0771,leeds_central_selected_box
1CJ1944,2014-12-19,429942,433381,2335,2014,2014.csv,2014_1CJ1944,leeds_central_selected_box
1CK1571,2014-12-20,430338,433385,2025,2014,2014.csv,2014_1CK1571,leeds_central_selected_box
1CO0919,2014-12-24,430267,433754,1607,2014,2014.csv,2014_1CO0919,leeds_central_selected_box
21M1029,2015-01-22,430429,433884,1410,2015,2015.csv,2015_21M1029,leeds_central_selected_box
1.30E+38,2015-03-14,429969,434187,22,2015,2015.csv,2015_1.30E+38,leeds_central_selected_box
2130207,2015-01-03,430334,433342,410,2015,2015.csv,2015_2130207,leeds_central_selected_box
21O1665,2015-01-24,430113,433381,15,2015,2015.csv,2015_21O1665,leeds_central_selected_box
21R0747,2015-01-23,429953,433341,2350,2015,2015.csv,2015_21R0747,leeds_central_selected_box
2211177,2015-02-01,430236,433914,2150,2015,2015.csv,2015_2211177,leeds_central_selected_box
22A1555,2015-02-10,430864,434191,2035,2015,2015.csv,2015_22A1555,leeds_central_selected_box
22C1257,2015-02-12,430381,433493,1756,2015,2015.csv,2015_22C1257,leeds_central_selected_box
22E1521,2015-02-14,430790,433473,2201,2015,2015.csv,2015_22E1521,leeds_central_selected_box
22F1487,2015-02-15,430738,433521,1654,2015,2015.csv,2015_22F1487,leeds_central_selected_box
2341666,2015-03-04,429796,433924,2245,2015,2015.csv,2015_2341666,leeds_central_selected_box
2351208,2015-03-05,429853,433793,1200,2015,2015.csv,2015_2351208,leeds_central_selected_box
2361492,2015-03-06,430792,433466,1930,2015,2015.csv,2015_2361492,leeds_central_selected_box
23A1241,2015-03-10,429999,434159,1740,2015,2015.csv,2015_23A1241,leeds_central_selected_box
23D0595,2015-03-13,429881,433504,1216,2015,2015.csv,2015_23D0595,leeds_central_selected_box
23L1712,2015-03-21,430337,433738,2205,2015,2015.csv,2015_23L1712,leeds_central_selected_box
23O0636,2015-03-23,429916,434261,30,2015,2015.csv,2015_23O0636,leeds_central_selected_box
23V1162,2015-03-31,430113,434139,1200,2015,2015.csv,2015_23V1162,leeds_central_selected_box
2421224,2015-04-02,430849,434069,1645,2015,2015.csv,2015_2421224,leeds_central_selected_box
2450877,2015-04-05,430333,433353,300,2015,2015.csv,2015_2450877,leeds_central_selected_box
24B0407,2015-04-10,430715,433742,1240,2015,2015.csv,2015_24B0407,leeds_central_selected_box
24I1142,2015-04-18,430479,433954,1656,2015,2015.csv,2015_24I1142,leeds_central_selected_box
24K1671,2015-04-20,429938,433392,1720,2015,2015.csv,2015_24K1671,leeds_central_selected_box
24N1046,2015-04-23,430267,433745,817,2015,2015.csv,2015_24N1046,leeds_central_selected_box
25F0511,2015-05-15,430701,433470,1015,2015,2015.csv,2015_25F0511,leeds_central_selected_box
25G0958,2015-05-16,430079,433930,1503,2015,2015.csv,2015_25G0958,leeds_central_selected_box
25M0962,2015-05-22,430369,433493,1557,2015,2015.csv,2015_25M0962,leeds_central_selected_box
25Q0587,2015-05-25,430065,433812,30,2015,2015.csv,2015_25Q0587,leeds_central_selected_box
2610654,2015-05-20,430724,433594,700,2015,2015.csv,2015_2610654,leeds_central_selected_box
2620299,2015-06-02,430188,433398,800,2015,2015.csv,2015_2620299,leeds_central_selected_box
2641336,2015-06-04,430844,433468,1837,2015,2015.csv,2015_2641336,leeds_central_selected_box
2660776,2015-06-06,430236,433914,430,2015,2015.csv,2015_2660776,leeds_central_selected_box
2690265,2015-06-09,430879,433361,820,2015,2015.csv,2015_2690265,leeds_central_selected_box
26B0948,2015-06-11,430344,433430,1230,2015,2015.csv,2015_26B0948,leeds_central_selected_box
26D0053,2015-06-13,430381,433427,30,2015,2015.csv,2015_26D0053,leeds_central_selected_box
26E1453,2015-06-14,429958,433327,2015,2015,2015.csv,2015_26E1453,leeds_central_selected_box
26F0254,2015-06-15,430840,434004,820,2015,2015.csv,2015_26F0254,leeds_central_selected_box
26F0268,2015-06-15,430674,434359,836,2015,2015.csv,2015_26F0268,leeds_central_selected_box
26H0965,2015-06-18,430683,433601,1545,2015,2015.csv,2015_26H0965,leeds_central_selected_box
26J0461,2015-06-19,430875,433474,1030,2015,2015.csv,2015_26J0461,leeds_central_selected_box
26O0552,2015-06-24,429907,434006,1510,2015,2015.csv,2015_26O0552,leeds_central_selected_box
26O1434,2015-06-24,430018,434081,1924,2015,2015.csv,2015_26O1434,leeds_central_selected_box
26U1462,2015-06-30,430412,433721,1720,2015,2015.csv,2015_26U1462,leeds_central_selected_box
2781106,2015-07-08,430841,434008,1702,2015,2015.csv,2015_2781106,leeds_central_selected_box
2790214,2015-07-09,430469,433461,720,2015,2015.csv,2015_2790214,leeds_central_selected_box
27B0112,2015-07-11,430267,433395,110,2015,2015.csv,2015_27B0112,leeds_central_selected_box
27P1820,2015-07-25,430065,433775,2322,2015,2015.csv,2015_27P1820,leeds_central_selected_box
27U0988,2015-07-30,429921,433321,830,2015,2015.csv,2015_27U0988,leeds_central_selected_box
2841122,2015-08-04,430861,434357,1726,2015,2015.csv,2015_2841122,leeds_central_selected_box
28C1656,2015-08-12,429862,433524,1656,2015,2015.csv,2015_28C1656,leeds_central_selected_box
28K1218,2015-08-20,430842,434106,1740,2015,2015.csv,2015_28K1218,leeds_central_selected_box
28P1682,2015-08-25,430360,433457,2120,2015,2015.csv,2015_28P1682,leeds_central_selected_box
2921225,2015-09-02,430184,433397,1813,2015,2015.csv,2015_2921225,leeds_central_selected_box
2940397,2015-09-03,430718,433603,1645,2015,2015.csv,2015_2940397,leeds_central_selected_box
2981412,2015-09-08,430059,433940,2020,2015,2015.csv,2015_2981412,leeds_central_selected_box
29A1314,2015-09-10,429915,433797,1700,2015,2015.csv,2015_29A1314,leeds_central_selected_box
29C0164,2015-09-12,430060,433991,200,2015,2015.csv,2015_29C0164,leeds_central_selected_box
29H1050,2015-09-17,430861,434159,1400,2015,2015.csv,2015_29H1050,leeds_central_selected_box
29J0315,2015-09-19,430431,433760,515,2015,2015.csv,2015_29J0315,leeds_central_selected_box
29L0713,2015-09-19,430676,433455,1800,2015,2015.csv,2015_29L0713,leeds_central_selected_box
29Q1865,2015-09-26,430882,434356,2205,2015,2015.csv,2015_29Q1865,leeds_central_selected_box
29R1632,2015-09-27,430223,433402,2030,2015,2015.csv,2015_29R1632,leeds_central_selected_box
2A20797,2015-10-02,429842,433436,1340,2015,2015.csv,2015_2A20797,leeds_central_selected_box
2A21135,2015-10-02,429794,433824,1625,2015,2015.csv,2015_2A21135,leeds_central_selected_box
2A30585,2015-10-02,430367,433464,1635,2015,2015.csv,2015_2A30585,leeds_central_selected_box
2A41245,2015-10-04,429896,433409,1720,2015,2015.csv,2015_2A41245,leeds_central_selected_box
2A60899,2015-10-06,430785,433346,1530,2015,2015.csv,2015_2A60899,leeds_central_selected_box
2AF1595,2015-10-15,430839,434003,1630,2015,2015.csv,2015_2AF1595,leeds_central_selected_box
2AI0023,2015-10-18,429970,433307,13,2015,2015.csv,2015_2AI0023,leeds_central_selected_box
2AI0037,2015-10-18,430477,433951,21,2015,2015.csv,2015_2AI0037,leeds_central_selected_box
2AI0163,2015-10-18,430065,433775,127,2015,2015.csv,2015_2AI0163,leeds_central_selected_box
2AN0465,2015-10-23,429907,433957,1056,2015,2015.csv,2015_2AN0465,leeds_central_selected_box
2AN0938,2015-10-23,430044,434041,1515,2015,2015.csv,2015_2AN0938,leeds_central_selected_box
2AQ0522,2015-10-26,430653,434281,1133,2015,2015.csv,2015_2AQ0522,leeds_central_selected_box
2AS0994,2015-10-20,430002,433384,1730,2015,2015.csv,2015_2AS0994,leeds_central_selected_box
2AV0995,2015-10-31,430435,433584,1427,2015,2015.csv,2015_2AV0995,leeds_central_selected_box
2B10037,2015-10-31,429921,434318,1630,2015,2015.csv,2015_2B10037,leeds_central_selected_box
2B90816,2015-11-09,430039,434055,1426,2015,2015.csv,2015_2B90816,leeds_central_selected_box
2BE1731,2015-11-14,430674,434359,2305,2015,2015.csv,2015_2BE1731,leeds_central_selected_box
2BQ0098,2015-11-26,430536,433702,220,2015,2015.csv,2015_2BQ0098,leeds_central_selected_box
2BS1390,2015-11-28,429915,433662,1915,2015,2015.csv,2015_2BS1390,leeds_central_selected_box
2C21914,2015-12-02,430043,434169,2331,2015,2015.csv,2015_2C21914,leeds_central_selected_box
2C30219,2015-12-03,430638,433341,750,2015,2015.csv,2015_2C30219,leeds_central_selected_box
2C41528,2015-12-04,429972,434197,2057,2015,2015.csv,2015_2C41528,leeds_central_selected_box
2C60906,2015-12-06,430536,433407,1510,2015,2015.csv,2015_2C60906,leeds_central_selected_box
2CA0787,2015-12-04,430407,433467,1740,2015,2015.csv,2015_2CA0787,leeds_central_selected_box
2CA0814,2015-12-10,430032,434105,1416,2015,2015.csv,2015_2CA0814,leeds_central_selected_box
2CA1397,2015-12-10,430041,434037,1955,2015,2015.csv,2015_2CA1397,leeds_central_selected_box
2CD0162,2015-12-13,429788,433696,139,2015,2015.csv,2015_2CD0162,leeds_central_selected_box
2CK0544,2015-12-20,430031,433374,922,2015,2015.csv,2015_2CK0544,leeds_central_selected_box
2CQ0643,2015-12-26,429939,433786,1120,2015,2015.csv,2015_2CQ0643,leeds_central_selected_box
2CQ0796,2015-12-26,430740,433546,1245,2015,2015.csv,2015_2CQ0796,leeds_central_selected_box
2CQ0972,2015-12-26,430576,433604,1425,2015,2015.csv,2015_2CQ0972,leeds_central_selected_box
3161098,2016-01-06,429959,433326,1723,2016,2016.csv,2016_3161098,leeds_central_selected_box
3191206,2016-01-09,430876,434256,1810,2016,2016.csv,2016_3191206,leeds_central_selected_box
31E0436,2016-01-13,430113,434139,1705,2016,2016.csv,2016_31E0436,leeds_central_selected_box
31I1123,2016-01-18,430813,433940,1652,2016,2016.csv,2016_31I1123,leeds_central_selected_box
31P0315,2016-01-25,430554,433739,0925,2016,2016.csv,2016_31P0315,leeds_central_selected_box
31S1678,2016-01-28,429788,433491,2219,2016,2016.csv,2016_31S1678,leeds_central_selected_box
31T0287,2016-01-29,430535,433451,0815,2016,2016.csv,2016_31T0287,leeds_central_selected_box
31V1251,2016-01-31,430036,434078,1535,2016,2016.csv,2016_31V1251,leeds_central_selected_box
3280323,2016-02-06,430233,433333,2220,2016,2016.csv,2016_3280323,leeds_central_selected_box
32A1660,2016-02-10,430437,434358,2130,2016,2016.csv,2016_32A1660,leeds_central_selected_box
32C0191,2016-02-12,429948,433352,0714,2016,2016.csv,2016_32C0191,leeds_central_selected_box
32G1604,2016-02-16,430421,433462,2027,2016,2016.csv,2016_32G1604,leeds_central_selected_box
32Q0653,2016-02-26,430770,433455,1300,2016,2016.csv,2016_32Q0653,leeds_central_selected_box
3370178,2016-03-07,430637,433678,0718,2016,2016.csv,2016_3370178,leeds_central_selected_box
3390843,2016-03-09,430291,433534,1440,2016,2016.csv,2016_3390843,leeds_central_selected_box
33L0442,2016-03-21,430264,433752,1010,2016,2016.csv,2016_33L0442,leeds_central_selected_box
33Q1107,2016-03-26,430069,433848,1340,2016,2016.csv,2016_33Q1107,leeds_central_selected_box
33U0574,2016-03-17,430377,433523,1210,2016,2016.csv,2016_33U0574,leeds_central_selected_box
3480522,2016-04-08,430878,434255,1107,2016,2016.csv,2016_3480522,leeds_central_selected_box
3480914,2016-04-08,430857,433893,1425,2016,2016.csv,2016_3480914,leeds_central_selected_box
34A0112,2016-04-10,430414,433945,0050,2016,2016.csv,2016_34A0112,leeds_central_selected_box
34F1454,2016-04-15,430233,433333,1845,2016,2016.csv,2016_34F1454,leeds_central_selected_box
34G0789,2016-04-16,430601,434156,1310,2016,2016.csv,2016_34G0789,leeds_central_selected_box
34J1015,2016-04-19,430820,433955,1610,2016,2016.csv,2016_34J1015,leeds_central_selected_box
34K1993,2016-04-20,429899,433413,2255,2016,2016.csv,2016_34K1993,leeds_central_selected_box
34L0195,2016-04-21,430640,434240,0719,2016,2016.csv,2016_34L0195,leeds_central_selected_box
34L0343,2016-04-21,430066,433772,0915,2016,2016.csv,2016_34L0343,leeds_central_selected_box
34L1732,2016-04-21,430807,433856,2030,2016,2016.csv,2016_34L1732,leeds_central_selected_box
34Q1266,2016-04-26,430566,433456,1834,2016,2016.csv,2016_34Q1266,leeds_central_selected_box
34S1121,2016-04-28,430576,433446,1656,2016,2016.csv,2016_34S1121,leeds_central_selected_box
3531412,2016-05-03,430358,433916,1810,2016,2016.csv,2016_3531412,leeds_central_selected_box
35E0878,2016-05-14,430030,433365,1410,2016,2016.csv,2016_35E0878,leeds_central_selected_box
35H0201,2016-05-17,430839,434003,0749,2016,2016.csv,2016_35H0201,leeds_central_selected_box
35H0788,2016-05-17,430221,434366,1400,2016,2016.csv,2016_35H0788,leeds_central_selected_box
35L1752,2016-05-21,430327,433739,2310,2016,2016.csv,2016_35L1752,leeds_central_selected_box
35N1534,2016-05-23,430408,433478,1915,2016,2016.csv,2016_35N1534,leeds_central_selected_box
35Q0727,2016-05-19,430105,433378,1720,2016,2016.csv,2016_35Q0727,leeds_central_selected_box
35Q1663,2016-05-26,430793,433459,2315,2016,2016.csv,2016_35Q1663,leeds_central_selected_box
35R0654,2016-05-27,430784,433454,1830,2016,2016.csv,2016_35R0654,leeds_central_selected_box
35R1584,2016-05-27,430119,433382,1950,2016,2016.csv,2016_35R1584,leeds_central_selected_box
35V1090,2016-05-31,430254,433817,1710,2016,2016.csv,2016_35V1090,leeds_central_selected_box
3631326,2016-06-03,430072,433369,1220,2016,2016.csv,2016_3631326,leeds_central_selected_box
3631784,2016-06-03,430062,433712,0520,2016,2016.csv,2016_3631784,leeds_central_selected_box
3661487,2016-06-06,430281,434351,1900,2016,2016.csv,2016_3661487,leeds_central_selected_box
3691956,2016-06-10,430484,433455,2340,2016,2016.csv,2016_3691956,leeds_central_selected_box
36B1783,2016-06-11,429788,433696,2221,2016,2016.csv,2016_36B1783,leeds_central_selected_box
36E0492,2016-06-14,429967,433790,1120,2016,2016.csv,2016_36E0492,leeds_central_selected_box
36E1419,2016-06-14,429971,433314,1705,2016,2016.csv,2016_36E1419,leeds_central_selected_box
36F1615,2016-06-15,430519,433744,2040,2016,2016.csv,2016_36F1615,leeds_central_selected_box
36H0328,2016-06-17,430856,434104,0800,2016,2016.csv,2016_36H0328,leeds_central_selected_box
36M1184,2016-06-22,430842,434106,1712,2016,2016.csv,2016_36M1184,leeds_central_selected_box
36P0595,2016-06-25,430236,433914,1140,2016,2016.csv,2016_36P0595,leeds_central_selected_box
36P1826,2016-06-25,430876,434256,2325,2016,2016.csv,2016_36P1826,leeds_central_selected_box
36Q1665,2016-06-26,430590,433324,2120,2016,2016.csv,2016_36Q1665,leeds_central_selected_box
36T1402,2016-06-29,430434,434358,1900,2016,2016.csv,2016_36T1402,leeds_central_selected_box
3721205,2016-07-02,430780,433454,1526,2016,2016.csv,2016_3721205,leeds_central_selected_box
3740733,2016-07-04,430413,433768,1315,2016,2016.csv,2016_3740733,leeds_central_selected_box
3741226,2016-07-04,429999,434154,1700,2016,2016.csv,2016_3741226,leeds_central_selected_box
37I0734,2016-07-18,430729,433498,1105,2016,2016.csv,2016_37I0734,leeds_central_selected_box
37I0790,2016-07-18,430371,433422,0930,2016,2016.csv,2016_37I0790,leeds_central_selected_box
37O1315,2016-07-24,430296,433400,0400,2016,2016.csv,2016_37O1315,leeds_central_selected_box
3821313,2016-08-02,430667,434302,1830,2016,2016.csv,2016_3821313,leeds_central_selected_box
3851109,2016-08-05,430425,433460,0957,2016,2016.csv,2016_3851109,leeds_central_selected_box
38A0787,2016-08-10,430762,433502,1315,2016,2016.csv,2016_38A0787,leeds_central_selected_box
38A1262,2016-08-10,430864,434191,1810,2016,2016.csv,2016_38A1262,leeds_central_selected_box
38O0184,2016-08-24,430267,433747,0230,2016,2016.csv,2016_38O0184,leeds_central_selected_box
38P1414,2016-08-25,430295,433389,1800,2016,2016.csv,2016_38P1414,leeds_central_selected_box
38Q0585,2016-08-26,430079,433774,1154,2016,2016.csv,2016_38Q0585,leeds_central_selected_box
39G0414,2016-09-16,429859,433411,0929,2016,2016.csv,2016_39G0414,leeds_central_selected_box
39L1271,2016-09-21,430682,433457,1630,2016,2016.csv,2016_39L1271,leeds_central_selected_box
39O1270,2016-09-24,430267,433740,1709,2016,2016.csv,2016_39O1270,leeds_central_selected_box
39P0142,2016-09-25,429886,434288,0130,2016,2016.csv,2016_39P0142,leeds_central_selected_box
39U0240,2016-09-30,430659,433341,0710,2016,2016.csv,2016_39U0240,leeds_central_selected_box
3A30995,2016-10-03,429862,433797,1545,2016,2016.csv,2016_3A30995,leeds_central_selected_box
3A60460,2016-10-06,430576,433446,1000,2016,2016.csv,2016_3A60460,leeds_central_selected_box
3A71446,2016-10-07,430718,433603,0300,2016,2016.csv,2016_3A71446,leeds_central_selected_box
3A80333,2016-10-08,430457,433358,0200,2016,2016.csv,2016_3A80333,leeds_central_selected_box
3A82055,2016-10-08,429798,433928,2339,2016,2016.csv,2016_3A82055,leeds_central_selected_box
3AA1241,2016-10-10,430018,434178,1745,2016,2016.csv,2016_3AA1241,leeds_central_selected_box
3AB1304,2016-10-11,430115,434221,1800,2016,2016.csv,2016_3AB1304,leeds_central_selected_box
3AD0563,2016-10-13,430033,434159,1056,2016,2016.csv,2016_3AD0563,leeds_central_selected_box
3AG0599,2016-10-16,430218,434371,1039,2016,2016.csv,2016_3AG0599,leeds_central_selected_box
3AM0599,2016-10-22,429892,433800,1120,2016,2016.csv,2016_3AM0599,leeds_central_selected_box
3AP0995,2016-10-25,430833,434014,1557,2016,2016.csv,2016_3AP0995,leeds_central_selected_box
3AQ0489,2016-10-26,430576,433446,1115,2016,2016.csv,2016_3AQ0489,leeds_central_selected_box
3AS0267,2016-10-28,430784,433454,0708,2016,2016.csv,2016_3AS0267,leeds_central_selected_box
3B10454,2016-11-01,430839,434003,0745,2016,2016.csv,2016_3B10454,leeds_central_selected_box
3B60634,2016-11-06,430062,433712,1116,2016,2016.csv,2016_3B60634,leeds_central_selected_box
3BB0447,2016-11-11,430869,434149,1030,2016,2016.csv,2016_3BB0447,leeds_central_selected_box
3BC0971,2016-11-13,430369,433487,1510,2016,2016.csv,2016_3BC0971,leeds_central_selected_box
3BI1116,2016-11-17,430368,433926,1740,2016,2016.csv,2016_3BI1116,leeds_central_selected_box
3BJ0893,2016-11-19,430113,434139,1410,2016,2016.csv,2016_3BJ0893,leeds_central_selected_box
3BK0798,2016-11-20,430773,433449,1815,2016,2016.csv,2016_3BK0798,leeds_central_selected_box
3BQ1977,2016-11-26,430638,434240,2340,2016,2016.csv,2016_3BQ1977,leeds_central_selected_box
3C71162,2016-12-07,429872,433414,1615,2016,2016.csv,2016_3C71162,leeds_central_selected_box
3C90476,2016-12-08,430055,434187,2200,2016,2016.csv,2016_3C90476,leeds_central_selected_box
3CA0780,2016-12-10,430374,433535,1202,2016,2016.csv,2016_3CA0780,leeds_central_selected_box
3CB0163,2016-12-11,430341,433905,0140,2016,2016.csv,2016_3CB0163,leeds_central_selected_box
3CF0887,2016-12-15,430668,433452,1510,2016,2016.csv,2016_3CF0887,leeds_central_selected_box
3CG0238,2016-12-18,430188,434387,0735,2016,2016.csv,2016_3CG0238,leeds_central_selected_box
3CG1977,2016-12-16,430332,433348,2335,2016,2016.csv,2016_3CG1977,leeds_central_selected_box
3CK0762,2016-12-20,430643,433451,1410,2016,2016.csv,2016_3CK0762,leeds_central_selected_box
3CL0689,2016-12-21,430177,434291,1245,2016,2016.csv,2016_3CL0689,leeds_central_selected_box
3CM0726,2016-12-22,430378,433537,1230,2016,2016.csv,2016_3CM0726,leeds_central_selected_box
3CT1179,2016-12-29,429839,433406,1725,2016,2016.csv,2016_3CT1179,leeds_central_selected_box
