reference_number,accident_date,easting,northing,time_24hr,year,source_file,accident_uid,selected_area_name,index_edge,edge_id,u,v,length,snap_distance_m,geometry_wkt
120009062,2012-01-07,430375,433514,1030,2012,2012.csv,2012_120009062,leeds_central_selected_box,472,472,9755805559,26299410,170.42537349703704,22.086051142317658,POINT (430375 433514)
120020522,2012-01-14,430398,433640,1020,2012,2012.csv,2012_120020522,leeds_central_selected_box,446,446,7275677007,9755805529,137.53395501993538,0.6044188930859858,POINT (430398 433640)
120022848,2012-01-16,430269,433755,739,2012,2012.csv,2012_120022848,leeds_central_selected_box,501,501,26298474,26296951,223.60761774821097,65.42076880924762,POINT (430269 433755)
120028885,2012-01-19,430656,433718,1255,2012,2012.csv,2012_120028885,leeds_central_selected_box,486,486,643945,9823132,196.5443943255206,1.163729413505701,POINT (430656 433718)
120041527,2012-01-27,430393,433608,1310,2012,2012.csv,2012_120041527,leeds_central_selected_box,445,445,9755805529,7275677007,137.53395501993538,4.073490960116324,POINT (430393 433608)
120042973,2012-01-27,430879,433359,1800,2012,2012.csv,2012_120042973,leeds_central_selected_box,143,143,659985459,643851,27.380908255451274,1.315644005873106,POINT (430879 433359)
120049784,2012-02-01,430380,433567,1235,2012,2012.csv,2012_120049784,leeds_central_selected_box,509,509,9755805529,342579538,256.18393489727134,18.15071910328021,POINT (430380 433567)
120050598,2012-01-29,430454,433955,2300,2012,2012.csv,2012_120050598,leeds_central_selected_box,13,13,52350425,52351597,5.923358280563039,0.3506628846161975,POINT (430454 433955)
120052192,2012-02-03,430415,433704,910,2012,2012.csv,2012_120052192,leeds_central_selected_box,446,446,7275677007,9755805529,137.53395501993538,3.7002355421218303,POINT (430415 433704)
120056329,2012-02-06,430436,433966,920,2012,2012.csv,2012_120056329,leeds_central_selected_box,15,15,10624200323,10624200325,6.033421390114462,0.22008349139079827,POINT (430436 433966)
120074400,2012-02-17,430686,434136,1706,2012,2012.csv,2012_120074400,leeds_central_selected_box,409,409,304904880,3071035464,101.56689113159946,3.4310869271597286,POINT (430686 434136)
120085863,2012-02-24,430080,433883,1505,2012,2012.csv,2012_120085863,leeds_central_selected_box,421,421,9077392916,9405615106,113.45850285449133,1.6451242789007998,POINT (430080 433883)
120091076,2012-02-25,429921,434146,1005,2012,2012.csv,2012_120091076,leeds_central_selected_box,510,510,5518536459,342647082,275.14813745657364,2.8568439170872475,POINT (429921 434146)
120095078,2012-03-01,430872,434204,920,2012,2012.csv,2012_120095078,leeds_central_selected_box,332,332,9823212,395469503,68.64906028345084,0.35596937900568365,POINT (430872 434204)
120120080,2012-03-15,430630,434222,1110,2012,2012.csv,2012_120120080,leeds_central_selected_box,189,189,250961842,52161947,33.36420546994788,1.6955028158608811,POINT (430630 434222)
120121830,2012-03-17,429910,433953,1021,2012,2012.csv,2012_120121830,leeds_central_selected_box,483,483,44977061,342660327,183.67993249100095,0.16671174548324003,POINT (429910 433953)
120139215,2012-03-28,430382,433580,950,2012,2012.csv,2012_120139215,leeds_central_selected_box,509,509,9755805529,342579538,256.18393489727134,5.0108082644280705,POINT (430382 433580)
120139844,2012-03-27,430455,433681,1505,2012,2012.csv,2012_120139844,leeds_central_selected_box,505,505,26298423,7275677007,238.79432675244604,28.067083667865152,POINT (430455 433681)
120140240,2012-03-28,430446,433936,1454,2012,2012.csv,2012_120140240,leeds_central_selected_box,121,121,52351597,1743296708,23.894325976312523,0.8405253887930774,POINT (430446 433936)
120140338,2012-03-28,430456,433926,1800,2012,2012.csv,2012_120140338,leeds_central_selected_box,508,508,370191920,1743296708,250.00232326583466,0.8640359910285891,POINT (430456 433926)
120143351,2012-03-30,430268,433744,1325,2012,2012.csv,2012_120143351,leeds_central_selected_box,501,501,26298474,26296951,223.60761774821097,75.84715791028695,POINT (430268 433744)
120144505,2012-03-30,429911,433795,2340,2012,2012.csv,2012_120144505,leeds_central_selected_box,520,520,244150453,244150453,353.0936230944196,61.729483997385735,POINT (429911 433795)
120147260,2012-04-02,430420,433732,953,2012,2012.csv,2012_120147260,leeds_central_selected_box,502,502,7275677007,4540786888,227.2793572617666,10.406022289413905,POINT (430420 433732)
120149769,2012-04-02,430829,433823,1250,2012,2012.csv,2012_120149769,leeds_central_selected_box,527,527,358204009,1152092828,622.3490506781505,2.036724700126446,POINT (430829 433823)
120152067,2012-04-05,430668,433650,843,2012,2012.csv,2012_120152067,leeds_central_selected_box,230,230,26300437,643907,40.461182526882155,2.2459334012005066,POINT (430668 433650)
120157142,2012-04-09,429915,434257,1410,2012,2012.csv,2012_120157142,leeds_central_selected_box,220,220,298186515,21545961,39.153178725936,0.4995238193408835,POINT (429915 434257)
120165739,2012-04-15,430448,433456,1140,2012,2012.csv,2012_120165739,leeds_central_selected_box,454,454,301688528,9319419235,144.30974828451104,0.8183160828796301,POINT (430448 433456)
120169305,2012-04-17,430806,433453,1555,2012,2012.csv,2012_120169305,leeds_central_selected_box,251,251,5728993707,6309354601,43.48632038556236,7.87897293597601,POINT (430806 433453)
120170118,2012-04-18,429924,434247,830,2012,2012.csv,2012_120170118,leeds_central_selected_box,364,364,8663865756,298186515,83.50095203252064,1.0322947182170332,POINT (429924 434247)
120170957,2012-04-15,430684,433451,1500,2012,2012.csv,2012_120170957,leeds_central_selected_box,419,419,5728993698,10563335054,111.65128131056491,0.2901376895479557,POINT (430684 433451)
120173652,2012-04-20,429904,433480,1015,2012,2012.csv,2012_120173652,leeds_central_selected_box,479,479,10103026390,4697333827,180.5006780671296,73.59116244012995,POINT (429904 433480)
120178552,2012-04-23,430016,434095,1330,2012,2012.csv,2012_120178552,leeds_central_selected_box,380,380,342660327,3887608931,88.9330599962251,3.5743050766126303,POINT (430016 434095)
120183864,2012-04-26,430339,433387,1400,2012,2012.csv,2012_120183864,leeds_central_selected_box,405,405,9755805559,10563335063,99.79032761334132,12.02328092000741,POINT (430339 433387)
120193578,2012-05-03,430727,433587,1145,2012,2012.csv,2012_120193578,leeds_central_selected_box,470,470,1022749752,26661432,166.31425281718725,0.7836860899809592,POINT (430727 433587)
120193856,2012-05-03,430441,433291,1315,2012,2012.csv,2012_120193856,leeds_central_selected_box,444,444,643929,643930,136.29531967869966,0.15911999220288997,POINT (430441 433291)
120196914,2012-05-05,429797,433826,1115,2012,2012.csv,2012_120196914,leeds_central_selected_box,207,207,9791509,10981685393,37.655581780472595,60.038254835229424,POINT (429797 433826)
120197343,2012-05-05,430621,433454,1535,2012,2012.csv,2012_120197343,leeds_central_selected_box,419,419,5728993698,10563335054,111.65128131056491,2.5746478389300744,POINT (430621 433454)
120198532,2012-05-06,429852,433659,1359,2012,2012.csv,2012_120198532,leeds_central_selected_box,520,520,244150453,244150453,353.0936230944196,36.66225417043958,POINT (429852 433659)
120199961,2012-05-07,429885,433408,2325,2012,2012.csv,2012_120199961,leeds_central_selected_box,406,406,9791130,11264550802,100.67493234189126,6.552757330052131,POINT (429885 433408)
120204644,2012-05-10,430785,433453,1635,2012,2012.csv,2012_120204644,leeds_central_selected_box,433,433,342628235,682264890,123.18100276734256,0.6295966653096551,POINT (430785 433453)
120216660,2012-05-16,430355,433445,1645,2012,2012.csv,2012_120216660,leeds_central_selected_box,404,404,10563335063,9755805559,99.79032761334132,1.472832571254454,POINT (430355 433445)
120218929,2012-05-19,429829,433403,1715,2012,2012.csv,2012_120218929,leeds_central_selected_box,406,406,9791130,11264550802,100.67493234189126,1.2506612962205985,POINT (429829 433403)
120226575,2012-05-24,430044,434023,1150,2012,2012.csv,2012_120226575,leeds_central_selected_box,388,388,342660331,342660345,92.71161578552349,0.8158294736516485,POINT (430044 434023)
120234401,2012-05-29,430701,433606,1100,2012,2012.csv,2012_120234401,leeds_central_selected_box,469,469,301689321,26300437,164.68144005287118,0.50422990536209,POINT (430701 433606)
120235442,2012-05-29,429933,433540,1451,2012,2012.csv,2012_120235442,leeds_central_selected_box,479,479,10103026390,4697333827,180.5006780671296,41.07510581886237,POINT (429933 433540)
120236987,2012-05-30,429796,433788,2330,2012,2012.csv,2012_120236987,leeds_central_selected_box,520,520,244150453,244150453,353.0936230944196,52.394835564021236,POINT (429796 433788)
120238291,2012-05-30,430778,433479,840,2012,2012.csv,2012_120238291,leeds_central_selected_box,321,321,26661432,342628235,63.098926087435515,2.07473788612148,POINT (430778 433479)
120242748,2012-06-03,430791,433470,2355,2012,2012.csv,2012_120242748,leeds_central_selected_box,321,321,26661432,342628235,63.098926087435515,7.194506248782623,POINT (430791 433470)
120263152,2012-06-12,430426,433962,1128,2012,2012.csv,2012_120263152,leeds_central_selected_box,523,523,370191920,52162718,424.3155122347921,1.9343936892206977,POINT (430426 433962)
120265237,2012-06-19,430039,434050,1715,2012,2012.csv,2012_120265237,leeds_central_selected_box,388,388,342660331,342660345,92.71161578552349,1.8849096128841796,POINT (430039 434050)
120281894,2012-06-16,430391,433479,910,2012,2012.csv,2012_120281894,leeds_central_selected_box,315,315,301688528,9755805559,61.33221890048015,2.5494685161885764,POINT (430391 433479)
120286209,2012-07-03,430380,433579,1040,2012,2012.csv,2012_120286209,leeds_central_selected_box,509,509,9755805529,342579538,256.18393489727134,6.429373907239637,POINT (430380 433579)
120292063,2012-07-06,430008,434157,1505,2012,2012.csv,2012_120292063,leeds_central_selected_box,462,462,52728502,52732399,152.46971057129835,1.525713407964533,POINT (430008 434157)
120297170,2012-07-10,430016,434150,808,2012,2012.csv,2012_120297170,leeds_central_selected_box,337,337,4936807738,52732247,69.62852482628156,2.6220834636672974,POINT (430016 434150)
120301346,2012-07-12,430876,433358,1555,2012,2012.csv,2012_120301346,leeds_central_selected_box,143,143,659985459,643851,27.380908255451274,0.27757007479548307,POINT (430876 433358)
120304783,2012-07-14,430595,433431,1656,2012,2012.csv,2012_120304783,leeds_central_selected_box,396,396,342579502,5728993698,95.7197650342194,1.6220499409095082,POINT (430595 433431)
120311517,2012-07-18,430785,433450,830,2012,2012.csv,2012_120311517,leeds_central_selected_box,433,433,342628235,682264890,123.18100276734256,0.38110883503338816,POINT (430785 433450)
120316659,2012-07-21,430718,434127,1330,2012,2012.csv,2012_120316659,leeds_central_selected_box,430,430,304904880,52167520,118.69526123500734,0.5553752945433551,POINT (430718 434127)
120318017,2012-07-23,430639,433678,1030,2012,2012.csv,2012_120318017,leeds_central_selected_box,119,119,26298423,4540786888,23.221402295762292,1.234793122522483,POINT (430639 433678)
120323327,2012-07-26,430402,433668,1100,2012,2012.csv,2012_120323327,leeds_central_selected_box,446,446,7275677007,9755805529,137.53395501993538,1.58696546455677,POINT (430402 433668)
120324460,2012-07-27,430876,434235,845,2012,2012.csv,2012_120324460,leeds_central_selected_box,332,332,9823212,395469503,68.64906028345084,0.5322559681970607,POINT (430876 434235)
120328178,2012-07-29,430348,433417,2010,2012,2012.csv,2012_120328178,leeds_central_selected_box,405,405,9755805559,10563335063,99.79032761334132,3.031865538538602,POINT (430348 433417)
120334460,2012-08-02,430773,433332,1315,2012,2012.csv,2012_120334460,leeds_central_selected_box,192,192,682264890,26661423,33.83037827996361,3.830915599648822,POINT (430773 433332)
120348781,2012-08-11,430774,433447,1634,2012,2012.csv,2012_120348781,leeds_central_selected_box,425,425,682264890,643914,116.05711449409321,0.09957348743138023,POINT (430774 433447)
120352872,2012-08-13,430785,433452,1820,2012,2012.csv,2012_120352872,leeds_central_selected_box,433,433,342628235,682264890,123.18100276734256,0.5467673885508995,POINT (430785 433452)
120366134,2012-08-22,430060,433648,1720,2012,2012.csv,2012_120366134,leeds_central_selected_box,514,514,9405615106,921265743,300.8213037842363,0.07426963277082388,POINT (430060 433648)
120366693,2012-08-23,430784,433340,45,2012,2012.csv,2012_120366693,leeds_central_selected_box,198,198,6047609602,682264890,35.00902025049308,0.4973377957235816,POINT (430784 433340)
120371071,2012-08-26,430045,433940,151,2012,2012.csv,2012_120371071,leeds_central_selected_box,196,196,1600382025,4029217601,34.26195806845043,0.4496113613791598,POINT (430045 433940)
120373866,2012-08-28,430885,433363,955,2012,2012.csv,2012_120373866,leeds_central_selected_box,27,27,643851,1020737601,7.979067037711693,1.9330037334775714,POINT (430885 433363)
120381146,2012-09-01,429885,433397,1748,2012,2012.csv,2012_120381146,leeds_central_selected_box,406,406,9791130,11264550802,100.67493234189126,4.434230543372747,POINT (429885 433397)
120407441,2012-09-20,430475,433750,900,2012,2012.csv,2012_120407441,leeds_central_selected_box,371,371,26298428,26298429,85.94352496745043,0.3219701416172448,POINT (430475 433750)
120407492,2012-09-20,430143,434240,759,2012,2012.csv,2012_120407492,leeds_central_selected_box,518,518,49556023,4936807738,315.2122282622382,3.7076012550601325,POINT (430143 434240)
120414470,2012-09-24,430636,433692,2040,2012,2012.csv,2012_120414470,leeds_central_selected_box,119,119,26298423,4540786888,23.221402295762292,1.6671933181668732,POINT (430636 433692)
120417171,2012-09-26,430207,433396,238,2012,2012.csv,2012_120417171,leeds_central_selected_box,481,481,10103026366,11729210421,182.83806989374193,0.32621678777818847,POINT (430207 433396)
120417522,2012-09-26,430873,434251,1230,2012,2012.csv,2012_120417522,leeds_central_selected_box,352,352,8674727247,304904881,76.04793211837946,4.1249025093030465,POINT (430873 434251)
120419885,2012-09-28,430681,433702,1235,2012,2012.csv,2012_120419885,leeds_central_selected_box,258,258,643945,6211583013,44.53501336833969,4.4342561536764125,POINT (430681 433702)
120435427,2012-10-08,430456,433954,2130,2012,2012.csv,2012_120435427,leeds_central_selected_box,97,97,52351597,52162805,19.157165208172735,1.4792413782880225,POINT (430456 433954)
120436725,2012-10-09,430346,434192,1435,2012,2012.csv,2012_120436725,leeds_central_selected_box,484,484,52162718,301673098,189.52655361215926,0.36406834333091365,POINT (430346 434192)
120437761,2012-10-09,430171,433393,1400,2012,2012.csv,2012_120437761,leeds_central_selected_box,481,481,10103026366,11729210421,182.83806989374193,1.9630368215967517,POINT (430171 433393)
120440506,2012-10-11,430015,434128,200,2012,2012.csv,2012_120440506,leeds_central_selected_box,275,275,3887608931,52732247,48.5447851251745,5.818271125155738,POINT (430015 434128)
120452226,2012-10-19,430378,433503,1334,2012,2012.csv,2012_120452226,leeds_central_selected_box,472,472,9755805559,26299410,170.42537349703704,13.603533754189726,POINT (430378 433503)
120455341,2012-10-21,430073,433935,405,2012,2012.csv,2012_120455341,leeds_central_selected_box,54,54,4029217601,342660313,10.908734486549458,0.7132400228462089,POINT (430073 433935)
120456432,2012-10-22,429913,434258,855,2012,2012.csv,2012_120456432,leeds_central_selected_box,220,220,298186515,21545961,39.153178725936,0.6552107885700728,POINT (429913 434258)
120466278,2012-10-25,430216,434368,1610,2012,2012.csv,2012_120466278,leeds_central_selected_box,309,309,1303879422,4621500996,58.77558131860499,1.5286675153631977,POINT (430216 434368)
120467209,2012-10-26,430102,433369,917,2012,2012.csv,2012_120467209,leeds_central_selected_box,481,481,10103026366,11729210421,182.83806989374193,4.50878792067095,POINT (430102 433369)
120468045,2012-10-26,430438,433449,1914,2012,2012.csv,2012_120468045,leeds_central_selected_box,454,454,301688528,9319419235,144.30974828451104,8.702991490389044,POINT (430438 433449)
120471770,2012-10-28,430333,433389,2330,2012,2012.csv,2012_120471770,leeds_central_selected_box,405,405,9755805559,10563335063,99.79032761334132,9.32151405629501,POINT (430333 433389)
120471999,2012-10-29,430079,433935,1635,2012,2012.csv,2012_120471999,leeds_central_selected_box,268,268,342660345,342660313,47.304286058402916,0.026189932935139763,POINT (430079 433935)
120473934,2012-10-30,429912,433930,845,2012,2012.csv,2012_120473934,leeds_central_selected_box,436,436,26298479,44977061,126.29868429331334,0.5643766360264009,POINT (429912 433930)
120475399,2012-11-01,430064,433780,235,2012,2012.csv,2012_120475399,leeds_central_selected_box,515,515,921265743,9405615106,300.8213037842363,0.05129076246282563,POINT (430064 433780)
120477567,2012-10-13,429945,433296,2053,2012,2012.csv,2012_120477567,leeds_central_selected_box,487,487,52889936,9792428,197.9956330946219,26.07161184761321,POINT (429945 433296)
120479215,2012-11-03,430701,433628,1310,2012,2012.csv,2012_120479215,leeds_central_selected_box,470,470,1022749752,26661432,166.31425281718725,3.0870679999607322,POINT (430701 433628)
120482010,2012-11-05,430656,433665,1248,2012,2012.csv,2012_120482010,leeds_central_selected_box,80,80,643907,26298423,15.623148180699715,0.13897518343145027,POINT (430656 433665)
120486988,2012-11-08,429927,434278,1504,2012,2012.csv,2012_120486988,leeds_central_selected_box,183,183,664210230,1377189433,32.20235526898455,2.0635458543454748,POINT (429927 434278)
120488867,2012-11-09,430478,433455,1646,2012,2012.csv,2012_120488867,leeds_central_selected_box,454,454,301688528,9319419235,144.30974828451104,0.05590531879342606,POINT (430478 433455)
120490517,2012-11-10,430035,434056,2200,2012,2012.csv,2012_120490517,leeds_central_selected_box,388,388,342660331,342660345,92.71161578552349,0.37643431407464906,POINT (430035 434056)
120490984,2012-11-11,430451,433944,750,2012,2012.csv,2012_120490984,leeds_central_selected_box,121,121,52351597,1743296708,23.894325976312523,0.004308204935774351,POINT (430451 433944)
120492608,2012-11-12,430188,433964,1127,2012,2012.csv,2012_120492608,leeds_central_selected_box,375,375,52167239,342660306,87.481879978318,0.6400838200025174,POINT (430188 433964)
120495157,2012-11-13,430352,433723,1616,2012,2012.csv,2012_120495157,leeds_central_selected_box,446,446,7275677007,9755805529,137.53395501993538,60.86417850926307,POINT (430352 433723)
120503060,2012-11-18,430253,433402,450,2012,2012.csv,2012_120503060,leeds_central_selected_box,475,475,643933,10103026371,174.1234923800386,22.262374892840594,POINT (430253 433402)
120522513,2012-12-01,429800,433923,5,2012,2012.csv,2012_120522513,leeds_central_selected_box,427,427,9791509,44977061,116.86803311885018,0.8871030876366754,POINT (429800 433923)
120532843,2012-12-07,429983,434064,2315,2012,2012.csv,2012_120532843,leeds_central_selected_box,380,380,342660327,3887608931,88.9330599962251,42.24092435719834,POINT (429983 434064)
120534836,2012-12-09,429795,433796,1040,2012,2012.csv,2012_120534836,leeds_central_selected_box,520,520,244150453,244150453,353.0936230944196,60.457043125992676,POINT (429795 433796)
120535837,2012-12-09,429985,433396,30,2012,2012.csv,2012_120535837,leeds_central_selected_box,479,479,10103026390,4697333827,180.5006780671296,0.3423754146069672,POINT (429985 433396)
120535924,2012-12-08,430142,433764,1340,2012,2012.csv,2012_120535924,leeds_central_selected_box,262,262,9405615106,244449799,45.27919351361295,34.20269141015241,POINT (430142 433764)
120545685,2012-12-16,430241,433398,350,2012,2012.csv,2012_120545685,leeds_central_selected_box,475,475,643933,10103026371,174.1234923800386,9.917853002250842,POINT (430241 433398)
120545842,2012-12-16,430325,433290,308,2012,2012.csv,2012_120545842,leeds_central_selected_box,466,466,643930,643933,160.7492705373795,11.319149819606599,POINT (430325 433290)
120549240,2012-12-18,429815,433404,1312,2012,2012.csv,2012_120549240,leeds_central_selected_box,465,465,30822834,9791129,157.84977429164084,1.044921287384966,POINT (429815 433404)
120549758,2012-12-19,430859,434153,835,2012,2012.csv,2012_120549758,leeds_central_selected_box,229,229,395469503,13030649306,40.02752930708635,4.637811304843526,POINT (430859 434153)
120559644,2012-12-27,430388,433607,1138,2012,2012.csv,2012_120559644,leeds_central_selected_box,446,446,7275677007,9755805529,137.53395501993538,0.4744337879219079,POINT (430388 433607)
120564333,2012-12-31,430186,433934,1713,2012,2012.csv,2012_120564333,leeds_central_selected_box,375,375,52167239,342660306,87.481879978318,0.4194469011423222,POINT (430186 433934)
130012900,2013-01-09,430266,433985,1800,2013,2013.csv,2013_130012900,leeds_central_selected_box,491,491,52167638,52167239,203.5237206461513,1.3271623854289918,POINT (430266 433985)
130019050,2013-01-14,430839,433997,735,2013,2013.csv,2013_130019050,leeds_central_selected_box,412,412,249813619,26298445,103.48742215979118,0.7262978835165919,POINT (430839 433997)
130023385,2013-01-16,430374,433485,2015,2013,2013.csv,2013_130023385,leeds_central_selected_box,404,404,10563335063,9755805559,99.79032761334132,1.9301368064440811,POINT (430374 433485)
130023395,2013-01-16,429794,433923,2100,2013,2013.csv,2013_130023395,leeds_central_selected_box,357,357,250853699,9791509,79.93367122122301,0.588028955773918,POINT (429794 433923)
130026506,2013-01-18,430877,433880,2100,2013,2013.csv,2013_130026506,leeds_central_selected_box,418,418,1591373213,26298441,110.8460975604765,0.09004180146829424,POINT (430877 433880)
130035563,2013-01-25,430549,433450,835,2013,2013.csv,2013_130035563,leeds_central_selected_box,454,454,301688528,9319419235,144.30974828451104,2.0837313378276514,POINT (430549 433450)
130048841,2013-02-02,430232,433349,320,2013,2013.csv,2013_130048841,leeds_central_selected_box,475,475,643933,10103026371,174.1234923800386,2.251218900457091,POINT (430232 433349)
130064764,2013-02-12,430361,433439,1630,2013,2013.csv,2013_130064764,leeds_central_selected_box,404,404,10563335063,9755805559,99.79032761334132,6.323166551724055,POINT (430361 433439)
130067415,2013-02-12,430122,434386,2000,2013,2013.csv,2013_130067415,leeds_central_selected_box,459,459,5751843770,52681726,148.0285163949956,1.774848371409274,POINT (430122 434386)
130076068,2013-02-19,430851,434075,828,2013,2013.csv,2013_130076068,leeds_central_selected_box,325,325,11862438640,395469494,65.24390730838817,0.6221993015140976,POINT (430851 434075)
130079762,2013-02-21,430840,433466,2035,2013,2013.csv,2013_130079762,leeds_central_selected_box,403,403,342628235,5728993689,99.67890347758987,4.990921624924751,POINT (430840 433466)
130090039,2013-02-28,430443,433718,2200,2013,2013.csv,2013_130090039,leeds_central_selected_box,502,502,7275677007,4540786888,227.2793572617666,0.47884247455253637,POINT (430443 433718)
130090045,2013-02-28,430660,433926,2245,2013,2013.csv,2013_130090045,leeds_central_selected_box,415,415,9791722,26298435,104.28285134329815,2.510349180216217,POINT (430660 433926)
130090846,2013-02-28,430327,433897,1705,2013,2013.csv,2013_130090846,leeds_central_selected_box,455,455,342660306,26296951,145.47671249676634,2.070278654343169,POINT (430327 433897)
130091406,2013-02-28,430619,433724,1215,2013,2013.csv,2013_130091406,leeds_central_selected_box,140,140,2014304918,1675168064,26.947218467427746,1.563646018617742,POINT (430619 433724)
130093162,2013-03-02,429935,433739,2223,2013,2013.csv,2013_130093162,leeds_central_selected_box,520,520,244150453,244150453,353.0936230944196,7.1535350996275255,POINT (429935 433739)
130104305,2013-03-10,430343,433408,430,2013,2013.csv,2013_130104305,leeds_central_selected_box,405,405,9755805559,10563335063,99.79032761334132,2.344889096760923,POINT (430343 433408)
130107674,2013-03-12,430418,433774,1125,2013,2013.csv,2013_130107674,leeds_central_selected_box,501,501,26298474,26296951,223.60761774821097,15.215581473429035,POINT (430418 433774)
130115312,2013-03-17,430876,433470,520,2013,2013.csv,2013_130115312,leeds_central_selected_box,157,157,7241259895,342579565,27.76597219466072,9.026603713102899,POINT (430876 433470)
130115852,2013-03-16,430413,433399,410,2013,2013.csv,2013_130115852,leeds_central_selected_box,490,490,643930,301688528,199.80751383908898,0.9266602107572032,POINT (430413 433399)
130128616,2013-03-14,430002,434155,1630,2013,2013.csv,2013_130128616,leeds_central_selected_box,462,462,52728502,52732399,152.46971057129835,0.19305678798963,POINT (430002 434155)
130148327,2013-04-10,430712,433585,655,2013,2013.csv,2013_130148327,leeds_central_selected_box,469,469,301689321,26300437,164.68144005287118,1.0715916027472627,POINT (430712 433585)
130148545,2013-04-10,430845,433466,1110,2013,2013.csv,2013_130148545,leeds_central_selected_box,403,403,342628235,5728993689,99.67890347758987,6.187927023515089,POINT (430845 433466)
130150436,2013-04-11,430151,434124,1505,2013,2013.csv,2013_130150436,leeds_central_selected_box,464,464,4936807738,6336700462,154.32951155845197,1.0791801697218222,POINT (430151 434124)
130156332,2013-04-15,430794,433460,1608,2013,2013.csv,2013_130156332,leeds_central_selected_box,403,403,342628235,5728993689,99.67890347758987,0.42693793097675714,POINT (430794 433460)
130157270,2013-04-14,430798,433447,430,2013,2013.csv,2013_130157270,leeds_central_selected_box,360,360,5728993707,6264670261,81.32323414541636,1.3006399404052766,POINT (430798 433447)
130157729,2013-04-16,430431,433862,1625,2013,2013.csv,2013_130157729,leeds_central_selected_box,312,312,30822588,26298426,59.48442790174656,1.9422023790079614,POINT (430431 433862)
130173096,2013-04-27,430422,433331,322,2013,2013.csv,2013_130173096,leeds_central_selected_box,490,490,643930,301688528,199.80751383908898,21.7629915084137,POINT (430422 433331)
130174360,2013-04-27,430628,433450,1300,2013,2013.csv,2013_130174360,leeds_central_selected_box,420,420,10563335054,5728993698,111.65128131056493,1.4493799014665723,POINT (430628 433450)
130186179,2013-05-01,429915,434257,1740,2013,2013.csv,2013_130186179,leeds_central_selected_box,220,220,298186515,21545961,39.153178725936,0.4995238193408835,POINT (429915 434257)
130215465,2013-05-24,429986,433393,1630,2013,2013.csv,2013_130215465,leeds_central_selected_box,480,480,4697333827,10103026390,180.50067806712963,1.8649038965448879,POINT (429986 433393)
130216788,2013-05-25,430379,433555,1615,2013,2013.csv,2013_130216788,leeds_central_selected_box,509,509,9755805529,342579538,256.18393489727134,30.1853676878249,POINT (430379 433555)
130220341,2013-05-28,430409,433685,1350,2013,2013.csv,2013_130220341,leeds_central_selected_box,446,446,7275677007,9755805529,137.53395501993538,1.7458927721645177,POINT (430409 433685)
130223696,2013-05-30,430796,433453,2220,2013,2013.csv,2013_130223696,leeds_central_selected_box,67,67,342628235,5728993707,12.27631670848899,1.6911521816864883,POINT (430796 433453)
130235998,2013-06-08,429883,433507,1550,2013,2013.csv,2013_130235998,leeds_central_selected_box,377,377,10002624792,298186494,88.47270329577064,90.49041219837257,POINT (429883 433507)
130248823,2013-06-16,430616,434203,1830,2013,2013.csv,2013_130248823,leeds_central_selected_box,493,493,250961842,250932738,213.83294160816882,0.6041340379992681,POINT (430616 434203)
130251500,2013-06-18,430851,434073,1720,2013,2013.csv,2013_130251500,leeds_central_selected_box,325,325,11862438640,395469494,65.24390730838817,0.2713425986619883,POINT (430851 434073)
130264387,2013-06-27,430429,434305,755,2013,2013.csv,2013_130264387,leeds_central_selected_box,400,400,250932749,250932738,96.9026358211327,1.3093864103497146,POINT (430429 434305)
130271035,2013-06-29,430635,433451,1915,2013,2013.csv,2013_130271035,leeds_central_selected_box,419,419,5728993698,10563335054,111.65128131056491,0.47236392003647976,POINT (430635 433451)
130283363,2013-07-09,430311,433394,1034,2013,2013.csv,2013_130283363,leeds_central_selected_box,472,472,9755805559,26299410,170.42537349703704,6.469895528236236,POINT (430311 433394)
130292784,2013-07-16,430826,433935,840,2013,2013.csv,2013_130292784,leeds_central_selected_box,412,412,249813619,26298445,103.48742215979118,0.21378326377307655,POINT (430826 433935)
130299853,2013-07-20,430401,433440,1751,2013,2013.csv,2013_130299853,leeds_central_selected_box,490,490,643930,301688528,199.80751383908898,0.9860376971580352,POINT (430401 433440)
130301645,2013-07-21,430066,433783,1340,2013,2013.csv,2013_130301645,leeds_central_selected_box,421,421,9077392916,9405615106,113.45850285449133,1.769955015791148,POINT (430066 433783)
130305039,2013-07-24,430378,433500,848,2013,2013.csv,2013_130305039,leeds_central_selected_box,472,472,9755805559,26299410,170.42537349703704,10.922820387640371,POINT (430378 433500)
130305349,2013-07-24,430444,433457,1154,2013,2013.csv,2013_130305349,leeds_central_selected_box,454,454,301688528,9319419235,144.30974828451104,0.07033166105229395,POINT (430444 433457)
130305402,2013-07-24,430852,434104,1154,2013,2013.csv,2013_130305402,leeds_central_selected_box,254,254,13030649306,11862438640,44.0538734020548,4.577681362357077,POINT (430852 434104)
130311517,2013-07-28,429902,433930,1600,2013,2013.csv,2013_130311517,leeds_central_selected_box,427,427,9791509,44977061,116.86803311885018,1.5569175288118855,POINT (429902 433930)
130318592,2013-08-02,430422,433978,1,2013,2013.csv,2013_130318592,leeds_central_selected_box,489,489,52162730,10624200323,198.78327278634558,0.27004549545136003,POINT (430422 433978)
130319248,2013-08-02,430727,433586,1735,2013,2013.csv,2013_130319248,leeds_central_selected_box,470,470,1022749752,26661432,166.31425281718725,0.2648600974454016,POINT (430727 433586)
130322559,2013-08-05,430862,434174,1015,2013,2013.csv,2013_130322559,leeds_central_selected_box,345,345,9823138,8674727247,73.95087611401453,4.870421694692206,POINT (430862 434174)
130339961,2013-08-16,430375,433502,1520,2013,2013.csv,2013_130339961,leeds_central_selected_box,472,472,9755805559,26299410,170.42537349703704,11.363197676120233,POINT (430375 433502)
130344763,2013-08-20,430785,433826,1810,2013,2013.csv,2013_130344763,leeds_central_selected_box,511,511,9823073,370191920,275.7512019134588,1.710213454383898,POINT (430785 433826)
130351121,2013-08-24,430030,434089,1620,2013,2013.csv,2013_130351121,leeds_central_selected_box,217,217,3887608931,342660331,38.62930431634733,1.8929157058992214,POINT (430030 434089)
130354156,2013-08-24,430417,433712,1500,2013,2013.csv,2013_130354156,leeds_central_selected_box,505,505,26298423,7275677007,238.79432675244604,2.597551818390747,POINT (430417 433712)
130360317,2013-08-31,430142,433773,1450,2013,2013.csv,2013_130360317,leeds_central_selected_box,262,262,9405615106,244449799,45.27919351361295,33.28077881795666,POINT (430142 433773)
130369499,2013-09-06,430564,433695,1640,2013,2013.csv,2013_130369499,leeds_central_selected_box,505,505,26298423,7275677007,238.79432675244604,1.4591929266996186,POINT (430564 433695)
130372907,2013-09-09,430059,433985,1335,2013,2013.csv,2013_130372907,leeds_central_selected_box,388,388,342660331,342660345,92.71161578552349,1.6595952835243004,POINT (430059 433985)
130385588,2013-09-18,430192,434346,936,2013,2013.csv,2013_130385588,leeds_central_selected_box,524,524,301673098,664210230,433.7543948571673,3.1409958568059433,POINT (430192 434346)
130390101,2013-09-20,430302,433386,2015,2013,2013.csv,2013_130390101,leeds_central_selected_box,472,472,9755805559,26299410,170.42537349703704,7.438815948817359,POINT (430302 433386)
130393218,2013-09-23,430055,433648,1600,2013,2013.csv,2013_130393218,leeds_central_selected_box,514,514,9405615106,921265743,300.8213037842363,1.273509075422877,POINT (430055 433648)
130399685,2013-09-27,430294,433813,2221,2013,2013.csv,2013_130399685,leeds_central_selected_box,501,501,26298474,26296951,223.60761774821097,2.2866013633226947,POINT (430294 433813)
130419694,2013-10-11,430438,433615,1213,2013,2013.csv,2013_130419694,leeds_central_selected_box,509,509,9755805529,342579538,256.18393489727134,27.599648509557973,POINT (430438 433615)
130421771,2013-10-12,430859,434151,2200,2013,2013.csv,2013_130421771,leeds_central_selected_box,229,229,395469503,13030649306,40.02752930708635,4.203981135124909,POINT (430859 434151)
130422639,2013-10-13,430233,433394,1,2013,2013.csv,2013_130422639,leeds_central_selected_box,475,475,643933,10103026371,174.1234923800386,2.339228207830078,POINT (430233 433394)
130425080,2013-10-14,429866,434308,1435,2013,2013.csv,2013_130425080,leeds_central_selected_box,328,328,21545962,664212051,66.05537175723695,0.8181944337528556,POINT (429866 434308)
130431414,2013-10-19,430577,433451,1440,2013,2013.csv,2013_130431414,leeds_central_selected_box,161,161,5728993698,9319419235,28.904991124686802,0.27959082423929177,POINT (430577 433451)
130432851,2013-10-20,430104,433928,215,2013,2013.csv,2013_130432851,leeds_central_selected_box,370,370,342660313,52167301,85.59591394447745,3.534202838862086,POINT (430104 433928)
130433931,2013-10-21,430456,433682,1325,2013,2013.csv,2013_130433931,leeds_central_selected_box,505,505,26298423,7275677007,238.79432675244604,26.984202445625705,POINT (430456 433682)
130437362,2013-10-22,430884,433481,2250,2013,2013.csv,2013_130437362,leeds_central_selected_box,424,424,474665273,5728993689,115.70515482018251,0.5412250555882409,POINT (430884 433481)
130438231,2013-10-24,430311,433522,1024,2013,2013.csv,2013_130438231,leeds_central_selected_box,472,472,9755805559,26299410,170.42537349703704,22.582250444826833,POINT (430311 433522)
130462441,2013-11-09,430798,433443,720,2013,2013.csv,2013_130462441,leeds_central_selected_box,360,360,5728993707,6264670261,81.32323414541636,0.0728191421838418,POINT (430798 433443)
130466550,2013-11-12,430378,433543,1120,2013,2013.csv,2013_130466550,leeds_central_selected_box,509,509,9755805529,342579538,256.18393489727134,42.22397708568185,POINT (430378 433543)
130468091,2013-11-13,429796,433969,1118,2013,2013.csv,2013_130468091,leeds_central_selected_box,112,112,4621501066,54568263,21.497169562840753,0.6646323477985386,POINT (429796 433969)
130479887,2013-10-19,430331,433897,2245,2013,2013.csv,2013_130479887,leeds_central_selected_box,455,455,342660306,26296951,145.47671249676634,2.1655872112131274,POINT (430331 433897)
130481380,2013-11-22,430531,433390,1240,2013,2013.csv,2013_130481380,leeds_central_selected_box,411,411,342579502,320951154,103.0610607081563,35.88009143178591,POINT (430531 433390)
130483251,2013-11-23,430007,433379,1730,2013,2013.csv,2013_130483251,leeds_central_selected_box,226,226,11729210420,10103026390,39.576642221263626,1.664441981545263,POINT (430007 433379)
130483548,2013-11-24,430534,433295,315,2013,2013.csv,2013_130483548,leeds_central_selected_box,289,289,317087689,320951154,51.23966908702511,1.5718310738539014,POINT (430534 433295)
130490312,2013-11-28,430182,434363,1601,2013,2013.csv,2013_130490312,leeds_central_selected_box,498,498,5751843770,21545957,219.6805189668003,1.5488827320864385,POINT (430182 434363)
130490436,2013-11-23,430817,433935,1720,2013,2013.csv,2013_130490436,leeds_central_selected_box,339,339,1591373192,26298438,70.16550676121116,0.07574151769390597,POINT (430817 433935)
130491088,2013-11-29,430400,433724,750,2013,2013.csv,2013_130491088,leeds_central_selected_box,446,446,7275677007,9755805529,137.53395501993538,13.679737736882503,POINT (430400 433724)
130500592,2013-12-04,429853,433527,1800,2013,2013.csv,2013_130500592,leeds_central_selected_box,377,377,10002624792,298186494,88.47270329577064,72.13970365867168,POINT (429853 433527)
130503805,2013-12-08,430816,433877,1100,2013,2013.csv,2013_130503805,leeds_central_selected_box,298,298,26298445,3381506666,53.652449765353566,1.592397348356225,POINT (430816 433877)
130508944,2013-12-11,430510,433452,1752,2013,2013.csv,2013_130508944,leeds_central_selected_box,454,454,301688528,9319419235,144.30974828451104,0.9348637077609712,POINT (430510 433452)
130509374,2013-12-12,429936,434301,710,2013,2013.csv,2013_130509374,leeds_central_selected_box,463,463,21545948,21545957,153.2635652304894,1.773542091535984,POINT (429936 434301)
130511558,2013-12-04,430009,433379,830,2013,2013.csv,2013_130511558,leeds_central_selected_box,226,226,11729210420,10103026390,39.576642221263626,0.8739162649628031,POINT (430009 433379)
130518805,2013-12-18,430065,433785,1620,2013,2013.csv,2013_130518805,leeds_central_selected_box,422,422,9405615106,9077392916,113.45850285449133,0.6543749345526625,POINT (430065 433785)
130518861,2013-12-11,430372,433492,1015,2013,2013.csv,2013_130518861,leeds_central_selected_box,472,472,9755805559,26299410,170.42537349703704,1.0807214984026787,POINT (430372 433492)
130524020,2013-12-21,430354,433430,1630,2013,2013.csv,2013_130524020,leeds_central_selected_box,405,405,9755805559,10563335063,99.79032761334132,3.1776128861508113,POINT (430354 433430)
130524404,2013-12-22,430724,433756,1705,2013,2013.csv,2013_130524404,leeds_central_selected_box,423,423,659971029,1022749752,114.16866290137615,0.541503386477737,POINT (430724 433756)
130526621,2013-12-24,430416,433774,1135,2013,2013.csv,2013_130526621,leeds_central_selected_box,501,501,26298474,26296951,223.60761774821097,15.281955116614693,POINT (430416 433774)
130528890,2013-12-23,430215,434366,1200,2013,2013.csv,2013_130528890,leeds_central_selected_box,309,309,1303879422,4621500996,58.77558131860499,1.4296811278872938,POINT (430215 434366)
130530179,2013-12-27,430414,433717,1300,2013,2013.csv,2013_130530179,leeds_central_selected_box,505,505,26298423,7275677007,238.79432675244604,0.732772617296315,POINT (430414 433717)
130530777,2013-12-28,429796,433922,1300,2013,2013.csv,2013_130530777,leeds_central_selected_box,207,207,9791509,10981685393,37.655581780472595,0.4865924022008273,POINT (429796 433922)
12M0822,2014-02-22,430373,433481,1245,2014,2014.csv,2014_12M0822,leeds_central_selected_box,405,405,9755805559,10563335063,99.79032761334132,2.539867251526657,POINT (430373 433481)
12N1843,2014-02-23,429804,433477,2303,2014,2014.csv,2014_12N1843,leeds_central_selected_box,377,377,10002624792,298186494,88.47270329577064,10.336227888488729,POINT (429804 433477)
12O0439,2014-02-24,430066,433771,1036,2014,2014.csv,2014_12O0439,leeds_central_selected_box,514,514,9405615106,921265743,300.8213037842363,2.1319712237281196,POINT (430066 433771)
12O1421,2014-02-24,430634,433453,1835,2014,2014.csv,2014_12O1421,leeds_central_selected_box,419,419,5728993698,10563335054,111.65128131056491,1.5309071632913505,POINT (430634 433453)
12R0675,2014-02-27,430717,434135,1300,2014,2014.csv,2014_12R0675,leeds_central_selected_box,409,409,304904880,3071035464,101.56689113159946,1.8762020013539846,POINT (430717 434135)
1371450,2014-03-07,430393,433628,1756,2014,2014.csv,2014_1371450,leeds_central_selected_box,445,445,9755805529,7275677007,137.53395501993538,1.2567358201293468,POINT (430393 433628)
13A0340,2014-03-10,430373,433501,904,2014,2014.csv,2014_13A0340,leeds_central_selected_box,472,472,9755805559,26299410,170.42537349703704,9.571783250012867,POINT (430373 433501)
13A0504,2014-03-10,430417,433473,1033,2014,2014.csv,2014_13A0504,leeds_central_selected_box,315,315,301688528,9755805559,61.33221890048015,5.821298066022644,POINT (430417 433473)
13D1532,2014-03-13,430122,433931,1931,2014,2014.csv,2014_13D1532,leeds_central_selected_box,370,370,342660313,52167301,85.59591394447745,1.0883202924826239,POINT (430122 433931)
13F1387,2014-03-15,430220,434373,1818,2014,2014.csv,2014_13F1387,leeds_central_selected_box,309,309,1303879422,4621500996,58.77558131860499,0.4653634384206577,POINT (430220 434373)
13M0191,2014-03-22,430017,434106,210,2014,2014.csv,2014_13M0191,leeds_central_selected_box,274,274,52732247,3887608931,48.5447851251745,0.17114467767624014,POINT (430017 434106)
13P1326,2014-03-25,430633,433696,1641,2014,2014.csv,2014_13P1326,leeds_central_selected_box,502,502,7275677007,4540786888,227.2793572617666,2.3863229595347337,POINT (430633 433696)
13R0628,2014-03-27,429931,433518,1321,2014,2014.csv,2014_13R0628,leeds_central_selected_box,479,479,10103026390,4697333827,180.5006780671296,44.029454240222215,POINT (429931 433518)
13S0610,2014-03-28,430335,433394,1238,2014,2014.csv,2014_13S0610,leeds_central_selected_box,405,405,9755805559,10563335063,99.79032761334132,4.205135507045035,POINT (430335 433394)
13S1215,2014-03-28,430662,433929,1716,2014,2014.csv,2014_13S1215,leeds_central_selected_box,461,461,304904904,26298435,150.97882823574807,0.020957151293129656,POINT (430662 433929)
140010999,2014-01-03,429817,433660,1910,2014,2014.csv,2014_140010999,leeds_central_selected_box,416,416,244150453,8373170800,104.90432407332179,35.28535064700438,POINT (429817 433660)
140012302,2014-01-01,430481,433453,5,2014,2014.csv,2014_140012302,leeds_central_selected_box,454,454,301688528,9319419235,144.30974828451104,1.7524445264562007,POINT (430481 433453)
140026876,2014-01-20,430503,434083,145,2014,2014.csv,2014_140026876,leeds_central_selected_box,495,495,52162322,52163767,214.67551305033203,1.5343048180205803,POINT (430503 434083)
140034129,2014-01-24,430266,433735,1540,2014,2014.csv,2014_140034129,leeds_central_selected_box,501,501,26298474,26296951,223.60761774821097,84.92068844283979,POINT (430266 433735)
140043770,2014-01-31,429791,433962,2112,2014,2014.csv,2014_140043770,leeds_central_selected_box,124,124,4621501066,4621501070,23.95165937466213,2.004314729443136,POINT (429791 433962)
140043796,2014-02-01,429798,433788,35,2014,2014.csv,2014_140043796,leeds_central_selected_box,520,520,244150453,244150453,353.0936230944196,52.17696480755407,POINT (429798 433788)
140044522,2014-02-01,430493,433709,1515,2014,2014.csv,2014_140044522,leeds_central_selected_box,502,502,7275677007,4540786888,227.2793572617666,3.2434062939843264,POINT (430493 433709)
140053144,2014-01-13,430673,434339,910,2014,2014.csv,2014_140053144,leeds_central_selected_box,496,496,13005195585,13005195586,218.36895511976977,3.028360952180246,POINT (430673 434339)
140096680,2014-03-09,430278,434313,200,2014,2014.csv,2014_140096680,leeds_central_selected_box,517,517,301673098,52681726,308.0957431502498,0.9818847612981889,POINT (430278 434313)
1421333,2014-04-02,430576,433446,1600,2014,2014.csv,2014_1421333,leeds_central_selected_box,161,161,5728993698,9319419235,28.904991124686802,5.27574833690317,POINT (430576 433446)
1450279,2014-04-05,429887,434264,315,2014,2014.csv,2014_1450279,leeds_central_selected_box,199,199,21545961,21545962,35.660193563039265,2.8547763661536014,POINT (429887 434264)
1461278,2014-04-06,430413,433714,1640,2014,2014.csv,2014_1461278,leeds_central_selected_box,445,445,9755805529,7275677007,137.53395501993538,0.674478643693018,POINT (430413 433714)
1470521,2014-04-05,430775,433453,945,2014,2014.csv,2014_1470521,leeds_central_selected_box,425,425,682264890,643914,116.05711449409321,1.7750115703959461,POINT (430775 433453)
1480678,2014-04-08,430473,433750,1250,2014,2014.csv,2014_1480678,leeds_central_selected_box,371,371,26298428,26298429,85.94352496745043,0.751093813543043,POINT (430473 433750)
14I0431,2014-04-17,430508,433455,2315,2014,2014.csv,2014_14I0431,leeds_central_selected_box,454,454,301688528,9319419235,144.30974828451104,1.9339935756184479,POINT (430508 433455)
14I0904,2014-04-18,430212,433401,1518,2014,2014.csv,2014_14I0904,leeds_central_selected_box,481,481,10103026366,11729210421,182.83806989374193,3.9306940765407155,POINT (430212 433401)
14K0632,2014-04-06,430232,433425,15,2014,2014.csv,2014_14K0632,leeds_central_selected_box,68,68,10103026366,10103026371,12.310725151634621,25.329466954113066,POINT (430232 433425)
14M0162,2014-04-22,430064,433776,542,2014,2014.csv,2014_14M0162,leeds_central_selected_box,514,514,9405615106,921265743,300.8213037842363,0.030344146746733962,POINT (430064 433776)
14Q1587,2014-04-25,429946,433788,1940,2014,2014.csv,2014_14Q1587,leeds_central_selected_box,351,351,921265743,9405615115,75.93436588615948,30.080073460110476,POINT (429946 433788)
14U1145,2014-04-30,430629,434216,1500,2014,2014.csv,2014_14U1145,leeds_central_selected_box,348,348,13005195583,13005195580,74.4468946919241,1.8176343629857485,POINT (430629 434216)
15B0557,2014-05-11,430383,433575,1100,2014,2014.csv,2014_15B0557,leeds_central_selected_box,509,509,9755805529,342579538,256.18393489727134,9.897227469066738,POINT (430383 433575)
15C1074,2014-05-12,430260,434079,1615,2014,2014.csv,2014_15C1074,leeds_central_selected_box,390,390,250131780,6336700462,93.23532091277067,3.460788701495936,POINT (430260 434079)
15D0396,2014-05-13,429887,434259,953,2014,2014.csv,2014_15D0396,leeds_central_selected_box,199,199,21545961,21545962,35.660193563039265,0.6309450052929051,POINT (429887 434259)
15E1064,2014-05-14,430678,433542,1350,2014,2014.csv,2014_15E1064,leeds_central_selected_box,469,469,301689321,26300437,164.68144005287118,52.26896535264276,POINT (430678 433542)
15J1610,2014-05-19,430785,433345,1915,2014,2014.csv,2014_15J1610,leeds_central_selected_box,433,433,342628235,682264890,123.18100276734256,0.058757103748338986,POINT (430785 433345)
15Q0515,2014-05-26,430634,433681,1008,2014,2014.csv,2014_15Q0515,leeds_central_selected_box,505,505,26298423,7275677007,238.79432675244604,1.9176380946098424,POINT (430634 433681)
15R1430,2014-05-27,430087,433772,1445,2014,2014.csv,2014_15R1430,leeds_central_selected_box,262,262,9405615106,244449799,45.27919351361295,4.032746775189996,POINT (430087 433772)
1610836,2014-06-01,430877,434256,1248,2014,2014.csv,2014_1610836,leeds_central_selected_box,46,46,9823212,304904881,10.131852323873145,1.3468122494455075,POINT (430877 434256)
1630945,2014-06-09,430798,433458,945,2014,2014.csv,2014_1630945,leeds_central_selected_box,403,403,342628235,5728993689,99.67890347758987,2.739010679488286,POINT (430798 433458)
16A0804,2014-06-11,430413,433724,1353,2014,2014.csv,2014_16A0804,leeds_central_selected_box,502,502,7275677007,4540786888,227.2793572617666,4.681054324013719,POINT (430413 433724)
16B1196,2014-06-11,430765,433452,1545,2014,2014.csv,2014_16B1196,leeds_central_selected_box,200,200,643911,643914,35.824769343786556,6.200029485390724,POINT (430765 433452)
16K1653,2014-06-20,429804,433477,1730,2014,2014.csv,2014_16K1653,leeds_central_selected_box,377,377,10002624792,298186494,88.47270329577064,10.336227888488729,POINT (429804 433477)
16O0806,2014-06-24,430403,433667,1315,2014,2014.csv,2014_16O0806,leeds_central_selected_box,446,446,7275677007,9755805529,137.53395501993538,0.40195648074595286,POINT (430403 433667)
16P1567,2014-06-25,430032,433375,1800,2014,2014.csv,2014_16P1567,leeds_central_selected_box,50,50,11729210422,11729210421,10.317406575338977,0.7495572635780662,POINT (430032 433375)
16S0273,2014-06-28,430788,433328,405,2014,2014.csv,2014_16S0273,leeds_central_selected_box,198,198,6047609602,682264890,35.00902025049308,2.221049934436816,POINT (430788 433328)
16S0581,2014-06-28,430073,433865,1031,2014,2014.csv,2014_16S0581,leeds_central_selected_box,421,421,9077392916,9405615106,113.45850285449133,2.723268685073149,POINT (430073 433865)
16U0766,2014-06-30,430414,433725,1200,2014,2014.csv,2014_16U0766,leeds_central_selected_box,502,502,7275677007,4540786888,227.2793572617666,5.346831779203071,POINT (430414 433725)
1710459,2014-07-01,430375,433496,1010,2014,2014.csv,2014_1710459,leeds_central_selected_box,472,472,9755805559,26299410,170.42537349703704,6.0017709430215245,POINT (430375 433496)
1720356,2014-07-02,430340,433391,916,2014,2014.csv,2014_1720356,leeds_central_selected_box,405,405,9755805559,10563335063,99.79032761334132,8.994468443948826,POINT (430340 433391)
1720475,2014-07-02,430837,434002,750,2014,2014.csv,2014_1720475,leeds_central_selected_box,227,227,395469494,249813619,39.84777649931187,2.1375573203905427,POINT (430837 434002)
1741601,2014-07-04,429954,433798,1900,2014,2014.csv,2014_1741601,leeds_central_selected_box,351,351,921265743,9405615115,75.93436588615948,24.061521188893074,POINT (429954 433798)
1750411,2014-07-05,430875,434352,1510,2014,2014.csv,2014_1750411,leeds_central_selected_box,170,170,3071035461,49556960,30.372586972129938,1.6429497615667046,POINT (430875 434352)
17B0790,2014-07-08,430097,433830,1335,2014,2014.csv,2014_17B0790,leeds_central_selected_box,422,422,9405615106,9077392916,113.45850285449133,27.506781101462547,POINT (430097 433830)
17C2155,2014-07-12,429939,433389,2315,2014,2014.csv,2014_17C2155,leeds_central_selected_box,447,447,340480305,11824674560,139.52423357397615,0.9612322106253455,POINT (429939 433389)
17E0742,2014-07-14,430878,434323,1249,2014,2014.csv,2014_17E0742,leeds_central_selected_box,203,203,250349453,304904888,36.26068476828873,2.17437498977978,POINT (430878 434323)
17I1703,2014-07-18,430844,433470,1925,2014,2014.csv,2014_17I1703,leeds_central_selected_box,403,403,342628235,5728993689,99.67890347758987,2.0648429020855628,POINT (430844 433470)
17L0495,2014-07-20,430306,433854,230,2014,2014.csv,2014_17L0495,leeds_central_selected_box,501,501,26298474,26296951,223.60761774821097,2.2161885010434825,POINT (430306 433854)
17N0976,2014-07-23,430846,433470,1508,2014,2014.csv,2014_17N0976,leeds_central_selected_box,403,403,342628235,5728993689,99.67890347758987,2.5436450615216972,POINT (430846 433470)
17O1143,2014-07-24,430812,433798,1634,2014,2014.csv,2014_17O1143,leeds_central_selected_box,93,93,615978081,1569761300,18.901827226066402,0.6602157768391728,POINT (430812 433798)
17R0120,2014-07-27,430881,433361,54,2014,2014.csv,2014_17R0120,leeds_central_selected_box,340,340,643851,762669698,70.39900039657749,0.7870960817625292,POINT (430881 433361)
17T1202,2014-07-29,430422,433964,1700,2014,2014.csv,2014_17T1202,leeds_central_selected_box,523,523,370191920,52162718,424.3155122347921,0.475623800714144,POINT (430422 433964)
17T1602,2014-07-29,429935,433609,1657,2014,2014.csv,2014_17T1602,leeds_central_selected_box,394,394,6307064269,10302853269,95.418482754163,17.98773988854476,POINT (429935 433609)
1851416,2014-08-05,430081,433864,1928,2014,2014.csv,2014_1851416,leeds_central_selected_box,421,421,9077392916,9405615106,113.45850285449133,5.311048720062967,POINT (430081 433864)
1860189,2014-08-06,429946,434287,445,2014,2014.csv,2014_1860189,leeds_central_selected_box,183,183,664210230,1377189433,32.20235526898455,4.406002527637132,POINT (429946 434287)
1870357,2014-08-08,430839,434003,842,2014,2014.csv,2014_1870357,leeds_central_selected_box,227,227,395469494,249813619,39.84777649931187,0.3250998983056199,POINT (430839 434003)
1891263,2014-08-09,430295,433732,1710,2014,2014.csv,2014_1891263,leeds_central_selected_box,501,501,26298474,26296951,223.60761774821097,79.45641329485365,POINT (430295 433732)
18A1643,2014-08-10,430785,433439,2302,2014,2014.csv,2014_18A1643,leeds_central_selected_box,433,433,342628235,682264890,123.18100276734256,2.447415506562886,POINT (430785 433439)
18G1706,2014-08-16,430427,433460,2215,2014,2014.csv,2014_18G1706,leeds_central_selected_box,315,315,301688528,9755805559,61.33221890048015,0.42290150222519846,POINT (430427 433460)
18K0947,2014-08-20,429858,433787,1535,2014,2014.csv,2014_18K0947,leeds_central_selected_box,520,520,244150453,244150453,353.0936230944196,52.75749598593636,POINT (429858 433787)
1920518,2014-09-02,430863,434357,1100,2014,2014.csv,2014_1920518,leeds_central_selected_box,142,142,3071035461,304904886,27.337217924942102,0.7908169190984284,POINT (430863 434357)
19B1395,2014-09-11,429846,433793,1710,2014,2014.csv,2014_19B1395,leeds_central_selected_box,520,520,244150453,244150453,353.0936230944196,58.32843651345859,POINT (429846 433793)
19D0736,2014-09-13,429789,433800,1215,2014,2014.csv,2014_19D0736,leeds_central_selected_box,520,520,244150453,244150453,353.0936230944196,65.41502370144063,POINT (429789 433800)
19J1054,2014-09-19,430350,433429,1612,2014,2014.csv,2014_19J1054,leeds_central_selected_box,405,405,9755805559,10563335063,99.79032761334132,0.15754688205420594,POINT (430350 433429)
19O0778,2014-09-24,429914,433490,1425,2014,2014.csv,2014_19O0778,leeds_central_selected_box,479,479,10103026390,4697333827,180.5006780671296,62.87895321676593,POINT (429914 433490)
19T0743,2014-09-29,430646,433445,1125,2014,2014.csv,2014_19T0743,leeds_central_selected_box,419,419,5728993698,10563335054,111.65128131056491,6.508460468769832,POINT (430646 433445)
1A21064,2014-10-02,430407,433684,1644,2014,2014.csv,2014_1A21064,leeds_central_selected_box,445,445,9755805529,7275677007,137.53395501993538,0.0039624816284226224,POINT (430407 433684)
1A30971,2014-10-03,430790,433468,1550,2014,2014.csv,2014_1A30971,leeds_central_selected_box,321,321,26661432,342628235,63.098926087435515,5.670036750556218,POINT (430790 433468)
1A40849,2014-10-04,430313,433457,849,2014,2014.csv,2014_1A40849,leeds_central_selected_box,472,472,9755805559,26299410,170.42537349703704,1.405402561733408,POINT (430313 433457)
1A50307,2014-10-05,430204,433920,409,2014,2014.csv,2014_1A50307,leeds_central_selected_box,455,455,342660306,26296951,145.47671249676634,0.29098162374046244,POINT (430204 433920)
1A60839,2014-10-03,429889,433412,1335,2014,2014.csv,2014_1A60839,leeds_central_selected_box,406,406,9791130,11264550802,100.67493234189126,10.742527756414217,POINT (429889 433412)
1AA1092,2014-10-10,430056,433473,1700,2014,2014.csv,2014_1AA1092,leeds_central_selected_box,479,479,10103026390,4697333827,180.5006780671296,76.88284817675527,POINT (430056 433473)
1AB0359,2014-10-11,430429,433995,556,2014,2014.csv,2014_1AB0359,leeds_central_selected_box,525,525,52163767,358204009,459.3510913524298,4.639122792913333,POINT (430429 433995)
1AI0900,2014-10-18,430641,433827,1405,2014,2014.csv,2014_1AI0900,leeds_central_selected_box,151,151,342579580,9791722,27.60974241231485,3.239010686105069,POINT (430641 433827)
1AM1173,2014-10-22,430338,434229,1730,2014,2014.csv,2014_1AM1173,leeds_central_selected_box,484,484,52162718,301673098,189.52655361215926,4.7484451705773765,POINT (430338 434229)
1B10073,2014-11-01,429950,434361,115,2014,2014.csv,2014_1B10073,leeds_central_selected_box,499,499,21545941,21545948,219.9404585365667,34.11891234934673,POINT (429950 434361)
1B60264,2014-11-06,430725,433590,804,2014,2014.csv,2014_1B60264,leeds_central_selected_box,470,470,1022749752,26661432,166.31425281718725,0.5927951095936033,POINT (430725 433590)
1BC1349,2014-11-12,430832,433303,1905,2014,2014.csv,2014_1BC1349,leeds_central_selected_box,398,398,659985459,1606959380,96.71381490195617,4.123312821766906,POINT (430832 433303)
1BC1703,2014-11-13,430817,433903,2334,2014,2014.csv,2014_1BC1703,leeds_central_selected_box,412,412,249813619,26298445,103.48742215979118,3.2406971962197533,POINT (430817 433903)
1BD0941,2014-11-13,429931,433602,1340,2014,2014.csv,2014_1BD0941,leeds_central_selected_box,394,394,6307064269,10302853269,95.418482754163,22.990936703242383,POINT (429931 433602)
1BD1084,2014-11-13,430700,433611,1630,2014,2014.csv,2014_1BD1084,leeds_central_selected_box,469,469,301689321,26300437,164.68144005287118,0.8528156235753649,POINT (430700 433611)
1BF0605,2014-11-15,430374,433563,1039,2014,2014.csv,2014_1BF0605,leeds_central_selected_box,509,509,9755805529,342579538,256.18393489727134,23.5172752633187,POINT (430374 433563)
1BI1481,2014-11-18,430832,434317,1935,2014,2014.csv,2014_1BI1481,leeds_central_selected_box,353,353,304904881,304904888,76.15666294287195,42.08698862677722,POINT (430832 434317)
1BO0266,2014-11-24,430439,434380,840,2014,2014.csv,2014_1BO0266,leeds_central_selected_box,512,512,52638526,250932750,290.1270717504736,0.6990857148370053,POINT (430439 434380)
1BP1384,2014-11-25,429936,433352,2112,2014,2014.csv,2014_1BP1384,leeds_central_selected_box,447,447,340480305,11824674560,139.52423357397615,12.680915394651299,POINT (429936 433352)
1BT1587,2014-11-29,430122,433776,1200,2014,2014.csv,2014_1BT1587,leeds_central_selected_box,262,262,9405615106,244449799,45.27919351361295,13.867078969725853,POINT (430122 433776)
1C11021,2014-12-01,429913,433934,1609,2014,2014.csv,2014_1C11021,leeds_central_selected_box,386,386,44977061,247352905,91.33917543392576,0.4339776805526065,POINT (429913 433934)
1C20709,2014-12-02,429987,433297,1255,2014,2014.csv,2014_1C20709,leeds_central_selected_box,158,158,340480305,52889936,27.81288583668769,1.545127516910894,POINT (429987 433297)
1C91483,2014-12-09,429794,433798,2115,2014,2014.csv,2014_1C91483,leeds_central_selected_box,520,520,244150453,244150453,353.0936230944196,62.572410513316484,POINT (429794 433798)
1CB0981,2014-12-11,430867,434253,1625,2014,2014.csv,2014_1CB0981,leeds_central_selected_box,352,352,8674727247,304904881,76.04793211837946,2.098048507086325,POINT (430867 434253)
1CD1136,2014-12-13,430386,433600,1640,2014,2014.csv,2014_1CD1136,leeds_central_selected_box,446,446,7275677007,9755805529,137.53395501993538,0.5215762786405417,POINT (430386 433600)
1CE0243,2014-12-14,430859,433343,250,2014,2014.csv,2014_1CE0243,leeds_central_selected_box,398,398,659985459,1606959380,96.71381490195617,1.2113186528020243,POINT (430859 433343)
1CG0771,2014-12-16,430701,433612,1441,2014,2014.csv,2014_1CG0771,leeds_central_selected_box,469,469,301689321,26300437,164.68144005287118,2.1958149261673054,POINT (430701 433612)
1CJ1944,2014-12-19,429942,433381,2335,2014,2014.csv,2014_1CJ1944,leeds_central_selected_box,447,447,340480305,11824674560,139.52423357397615,0.7015384885831747,POINT (429942 433381)
1CK1571,2014-12-20,430338,433385,2025,2014,2014.csv,2014_1CK1571,leeds_central_selected_box,405,405,9755805559,10563335063,99.79032761334132,13.619030191735494,POINT (430338 433385)
1CO0919,2014-12-24,430267,433754,1607,2014,2014.csv,2014_1CO0919,leeds_central_selected_box,501,501,26298474,26296951,223.60761774821097,67.17010800921825,POINT (430267 433754)
1.30E+38,2015-03-14,429969,434187,22,2015,2015.csv,2015_1.30E+38,leeds_central_selected_box,17,17,5518536463,5518536459,6.535244799647595,1.619976782853786,POINT (429969 434187)
2130207,2015-01-03,430334,433342,410,2015,2015.csv,2015_2130207,leeds_central_selected_box,405,405,9755805559,10563335063,99.79032761334132,56.18812080120192,POINT (430334 433342)
21M1029,2015-01-22,430429,433884,1410,2015,2015.csv,2015_21M1029,leeds_central_selected_box,312,312,30822588,26298426,59.48442790174656,17.459295558308725,POINT (430429 433884)
21O1665,2015-01-24,430113,433381,15,2015,2015.csv,2015_21O1665,leeds_central_selected_box,481,481,10103026366,11729210421,182.83806989374193,4.4629750153310725,POINT (430113 433381)
21R0747,2015-01-23,429953,433341,2350,2015,2015.csv,2015_21R0747,leeds_central_selected_box,447,447,340480305,11824674560,139.52423357397615,1.9562006848681754,POINT (429953 433341)
2211177,2015-02-01,430236,433914,2150,2015,2015.csv,2015_2211177,leeds_central_selected_box,455,455,342660306,26296951,145.47671249676634,0.07795033371724681,POINT (430236 433914)
22A1555,2015-02-10,430864,434191,2035,2015,2015.csv,2015_22A1555,leeds_central_selected_box,352,352,8674727247,304904881,76.04793211837946,4.270859351570233,POINT (430864 434191)
22C1257,2015-02-12,430381,433493,1756,2015,2015.csv,2015_22C1257,leeds_central_selected_box,314,314,9755805559,301688528,61.33221890048014,5.2221910415998725,POINT (430381 433493)
22E1521,2015-02-14,430790,433473,2201,2015,2015.csv,2015_22E1521,leeds_central_selected_box,321,321,26661432,342628235,63.098926087435515,7.083129559564335,POINT (430790 433473)
22F1487,2015-02-15,430738,433521,1654,2015,2015.csv,2015_22F1487,leeds_central_selected_box,469,469,301689321,26300437,164.68144005287118,12.311994112478143,POINT (430738 433521)
2341666,2015-03-04,429796,433924,2245,2015,2015.csv,2015_2341666,leeds_central_selected_box,427,427,9791509,44977061,116.86803311885018,0.2762554470350579,POINT (429796 433924)
2351208,2015-03-05,429853,433793,1200,2015,2015.csv,2015_2351208,leeds_central_selected_box,520,520,244150453,244150453,353.0936230944196,58.57652242157961,POINT (429853 433793)
2361492,2015-03-06,430792,433466,1930,2015,2015.csv,2015_2361492,leeds_central_selected_box,403,403,342628235,5728993689,99.67890347758987,5.713230898563872,POINT (430792 433466)
23A1241,2015-03-10,429999,434159,1740,2015,2015.csv,2015_23A1241,leeds_central_selected_box,295,295,52732230,52728502,52.89865500199401,1.7667564738294612,POINT (429999 434159)
23D0595,2015-03-13,429881,433504,1216,2015,2015.csv,2015_23D0595,leeds_central_selected_box,377,377,10002624792,298186494,88.47270329577064,87.80280167198987,POINT (429881 433504)
23L1712,2015-03-21,430337,433738,2205,2015,2015.csv,2015_23L1712,leeds_central_selected_box,501,501,26298474,26296951,223.60761774821097,63.17443214902773,POINT (430337 433738)
23O0636,2015-03-23,429916,434261,30,2015,2015.csv,2015_23O0636,leeds_central_selected_box,96,96,1659456384,298186515,19.14816035659996,2.2700053514254943,POINT (429916 434261)
23V1162,2015-03-31,430113,434139,1200,2015,2015.csv,2015_23V1162,leeds_central_selected_box,464,464,4936807738,6336700462,154.32951155845197,0.4294409299262642,POINT (430113 434139)
2421224,2015-04-02,430849,434069,1645,2015,2015.csv,2015_2421224,leeds_central_selected_box,325,325,11862438640,395469494,65.24390730838817,1.538613594638938,POINT (430849 434069)
2450877,2015-04-05,430333,433353,300,2015,2015.csv,2015_2450877,leeds_central_selected_box,405,405,9755805559,10563335063,99.79032761334132,45.212971856381266,POINT (430333 433353)
24B0407,2015-04-10,430715,433742,1240,2015,2015.csv,2015_24B0407,leeds_central_selected_box,423,423,659971029,1022749752,114.16866290137615,2.3114472452655423,POINT (430715 433742)
24I1142,2015-04-18,430479,433954,1656,2015,2015.csv,2015_24I1142,leeds_central_selected_box,516,516,52162805,13025664346,303.4766928891145,2.458962451092842,POINT (430479 433954)
24K1671,2015-04-20,429938,433392,1720,2015,2015.csv,2015_24K1671,leeds_central_selected_box,447,447,340480305,11824674560,139.52423357397615,1.2023294426166293,POINT (429938 433392)
24N1046,2015-04-23,430267,433745,817,2015,2015.csv,2015_24N1046,leeds_central_selected_box,501,501,26298474,26296951,223.60761774821097,75.33662615968947,POINT (430267 433745)
25F0511,2015-05-15,430701,433470,1015,2015,2015.csv,2015_25F0511,leeds_central_selected_box,419,419,5728993698,10563335054,111.65128131056491,18.291083548579678,POINT (430701 433470)
25G0958,2015-05-16,430079,433930,1503,2015,2015.csv,2015_25G0958,leeds_central_selected_box,239,239,342660313,9077392916,42.2296917025415,0.7996450462364326,POINT (430079 433930)
25M0962,2015-05-22,430369,433493,1557,2015,2015.csv,2015_25M0962,leeds_central_selected_box,472,472,9755805559,26299410,170.42537349703704,0.6275276646994234,POINT (430369 433493)
25Q0587,2015-05-25,430065,433812,30,2015,2015.csv,2015_25Q0587,leeds_central_selected_box,421,421,9077392916,9405615106,113.45850285449133,1.03148050652756,POINT (430065 433812)
2610654,2015-05-20,430724,433594,700,2015,2015.csv,2015_2610654,leeds_central_selected_box,470,470,1022749752,26661432,166.31425281718725,1.7406385567906748,POINT (430724 433594)
2620299,2015-06-02,430188,433398,800,2015,2015.csv,2015_2620299,leeds_central_selected_box,481,481,10103026366,11729210421,182.83806989374193,4.2938460886903975,POINT (430188 433398)
2641336,2015-06-04,430844,433468,1837,2015,2015.csv,2015_2641336,leeds_central_selected_box,403,403,342628235,5728993689,99.67890347758987,4.006684422941293,POINT (430844 433468)
2660776,2015-06-06,430236,433914,430,2015,2015.csv,2015_2660776,leeds_central_selected_box,455,455,342660306,26296951,145.47671249676634,0.07795033371724681,POINT (430236 433914)
2690265,2015-06-09,430879,433361,820,2015,2015.csv,2015_2690265,leeds_central_selected_box,143,143,659985459,643851,27.380908255451274,0.268964660749251,POINT (430879 433361)
26B0948,2015-06-11,430344,433430,1230,2015,2015.csv,2015_26B0948,leeds_central_selected_box,405,405,9755805559,10563335063,99.79032761334132,6.095817456078689,POINT (430344 433430)
26D0053,2015-06-13,430381,433427,30,2015,2015.csv,2015_26D0053,leeds_central_selected_box,490,490,643930,301688528,199.80751383908898,5.037492890801177,POINT (430381 433427)
26E1453,2015-06-14,429958,433327,2015,2015,2015.csv,2015_26E1453,leeds_central_selected_box,447,447,340480305,11824674560,139.52423357397615,5.374067563360759,POINT (429958 433327)
26F0254,2015-06-15,430840,434004,820,2015,2015.csv,2015_26F0254,leeds_central_selected_box,227,227,395469494,249813619,39.84777649931187,0.5004586834805236,POINT (430840 434004)
26F0268,2015-06-15,430674,434359,836,2015,2015.csv,2015_26F0268,leeds_central_selected_box,401,401,52161965,250960421,96.95528604068292,0.00840537631547316,POINT (430674 434359)
26H0965,2015-06-18,430683,433601,1545,2015,2015.csv,2015_26H0965,leeds_central_selected_box,240,240,342579667,26300437,42.31361034102832,10.684965754946926,POINT (430683 433601)
26J0461,2015-06-19,430875,433474,1030,2015,2015.csv,2015_26J0461,leeds_central_selected_box,403,403,342628235,5728993689,99.67890347758987,5.835991547305823,POINT (430875 433474)
26O0552,2015-06-24,429907,434006,1510,2015,2015.csv,2015_26O0552,leeds_central_selected_box,483,483,44977061,342660327,183.67993249100095,28.231940740674734,POINT (429907 434006)
26O1434,2015-06-24,430018,434081,1924,2015,2015.csv,2015_26O1434,leeds_central_selected_box,380,380,342660327,3887608931,88.9330599962251,3.927718390436149,POINT (430018 434081)
26U1462,2015-06-30,430412,433721,1720,2015,2015.csv,2015_26U1462,leeds_central_selected_box,446,446,7275677007,9755805529,137.53395501993538,2.106418692813547,POINT (430412 433721)
2781106,2015-07-08,430841,434008,1702,2015,2015.csv,2015_2781106,leeds_central_selected_box,227,227,395469494,249813619,39.84777649931187,0.8419964897287594,POINT (430841 434008)
2790214,2015-07-09,430469,433461,720,2015,2015.csv,2015_2790214,leeds_central_selected_box,454,454,301688528,9319419235,144.30974828451104,5.480954854542307,POINT (430469 433461)
27B0112,2015-07-11,430267,433395,110,2015,2015.csv,2015_27B0112,leeds_central_selected_box,475,475,643933,10103026371,174.1234923800386,36.05057372139879,POINT (430267 433395)
27P1820,2015-07-25,430065,433775,2322,2015,2015.csv,2015_27P1820,leeds_central_selected_box,514,514,9405615106,921265743,300.8213037842363,1.0505445942838418,POINT (430065 433775)
27U0988,2015-07-30,429921,433321,830,2015,2015.csv,2015_27U0988,leeds_central_selected_box,447,447,340480305,11824674560,139.52423357397615,39.68042608884237,POINT (429921 433321)
2841122,2015-08-04,430861,434357,1726,2015,2015.csv,2015_2841122,leeds_central_selected_box,439,439,304904886,304904885,131.28728322166225,2.5474252445750607,POINT (430861 434357)
28C1656,2015-08-12,429862,433524,1656,2015,2015.csv,2015_28C1656,leeds_central_selected_box,377,377,10002624792,298186494,88.47270329577064,77.86174648858766,POINT (429862 433524)
28K1218,2015-08-20,430842,434106,1740,2015,2015.csv,2015_28K1218,leeds_central_selected_box,355,355,9823138,52162260,78.02403224494057,0.7870641364274151,POINT (430842 434106)
28P1682,2015-08-25,430360,433457,2120,2015,2015.csv,2015_28P1682,leeds_central_selected_box,405,405,9755805559,10563335063,99.79032761334132,1.2812386612147884,POINT (430360 433457)
2921225,2015-09-02,430184,433397,1813,2015,2015.csv,2015_2921225,leeds_central_selected_box,481,481,10103026366,11729210421,182.83806989374193,3.8646316287076043,POINT (430184 433397)
2940397,2015-09-03,430718,433603,1645,2015,2015.csv,2015_2940397,leeds_central_selected_box,470,470,1022749752,26661432,166.31425281718725,1.0831008794634822,POINT (430718 433603)
2981412,2015-09-08,430059,433940,2020,2015,2015.csv,2015_2981412,leeds_central_selected_box,196,196,1600382025,4029217601,34.26195806845043,0.9826731818688278,POINT (430059 433940)
29A1314,2015-09-10,429915,433797,1700,2015,2015.csv,2015_29A1314,leeds_central_selected_box,351,351,921265743,9405615115,75.93436588615948,61.67514712866057,POINT (429915 433797)
29C0164,2015-09-12,430060,433991,200,2015,2015.csv,2015_29C0164,leeds_central_selected_box,387,387,342660331,342660345,91.41323213700895,1.3444833804252803,POINT (430060 433991)
29H1050,2015-09-17,430861,434159,1400,2015,2015.csv,2015_29H1050,leeds_central_selected_box,229,229,395469503,13030649306,40.02752930708635,3.9869208614591445,POINT (430861 434159)
29J0315,2015-09-19,430431,433760,515,2015,2015.csv,2015_29J0315,leeds_central_selected_box,236,236,342529332,26298428,41.20130308479903,2.6012586401335596,POINT (430431 433760)
29L0713,2015-09-19,430676,433455,1800,2015,2015.csv,2015_29L0713,leeds_central_selected_box,419,419,5728993698,10563335054,111.65128131056491,3.565927351815336,POINT (430676 433455)
29Q1865,2015-09-26,430882,434356,2205,2015,2015.csv,2015_29Q1865,leeds_central_selected_box,170,170,3071035461,49556960,30.372586972129938,0.007325574882770278,POINT (430882 434356)
29R1632,2015-09-27,430223,433402,2030,2015,2015.csv,2015_29R1632,leeds_central_selected_box,68,68,10103026366,10103026371,12.310725151634621,2.099941336879037,POINT (430223 433402)
2A20797,2015-10-02,429842,433436,1340,2015,2015.csv,2015_2A20797,leeds_central_selected_box,406,406,9791130,11264550802,100.67493234189126,31.727246878747916,POINT (429842 433436)
2A21135,2015-10-02,429794,433824,1625,2015,2015.csv,2015_2A21135,leeds_central_selected_box,207,207,9791509,10981685393,37.655581780472595,62.068272589010945,POINT (429794 433824)
2A30585,2015-10-02,430367,433464,1635,2015,2015.csv,2015_2A30585,leeds_central_selected_box,405,405,9755805559,10563335063,99.79032761334132,2.731079875246926,POINT (430367 433464)
2A41245,2015-10-04,429896,433409,1720,2015,2015.csv,2015_2A41245,leeds_central_selected_box,406,406,9791130,11264550802,100.67493234189126,8.086455208525253,POINT (429896 433409)
2A60899,2015-10-06,430785,433346,1530,2015,2015.csv,2015_2A60899,leeds_central_selected_box,433,433,342628235,682264890,123.18100276734256,0.5828351919697159,POINT (430785 433346)
2AF1595,2015-10-15,430839,434003,1630,2015,2015.csv,2015_2AF1595,leeds_central_selected_box,227,227,395469494,249813619,39.84777649931187,0.3250998983056199,POINT (430839 434003)
2AI0023,2015-10-18,429970,433307,13,2015,2015.csv,2015_2AI0023,leeds_central_selected_box,447,447,340480305,11824674560,139.52423357397615,4.471573280108208,POINT (429970 433307)
2AI0037,2015-10-18,430477,433951,21,2015,2015.csv,2015_2AI0037,leeds_central_selected_box,516,516,52162805,13025664346,303.4766928891145,1.0248311734615894,POINT (430477 433951)
2AI0163,2015-10-18,430065,433775,127,2015,2015.csv,2015_2AI0163,leeds_central_selected_box,514,514,9405615106,921265743,300.8213037842363,1.0505445942838418,POINT (430065 433775)
2AN0465,2015-10-23,429907,433957,1056,2015,2015.csv,2015_2AN0465,leeds_central_selected_box,483,483,44977061,342660327,183.67993249100095,2.77284171932135,POINT (429907 433957)
2AN0938,2015-10-23,430044,434041,1515,2015,2015.csv,2015_2AN0938,leeds_central_selected_box,387,387,342660331,342660345,91.41323213700895,1.6886271795524688,POINT (430044 434041)
2AQ0522,2015-10-26,430653,434281,1133,2015,2015.csv,2015_2AQ0522,leeds_central_selected_box,376,376,52161947,52161965,87.87682118326282,1.3731326686054521,POINT (430653 434281)
2AS0994,2015-10-20,430002,433384,1730,2015,2015.csv,2015_2AS0994,leeds_central_selected_box,226,226,11729210420,10103026390,39.576642221263626,0.911486579287725,POINT (430002 433384)
2AV0995,2015-10-31,430435,433584,1427,2015,2015.csv,2015_2AV0995,leeds_central_selected_box,509,509,9755805529,342579538,256.18393489727134,2.984515484345771,POINT (430435 433584)
2B10037,2015-10-31,429921,434318,1630,2015,2015.csv,2015_2B10037,leeds_central_selected_box,463,463,21545948,21545957,153.2635652304894,0.9457318088943902,POINT (429921 434318)
2B90816,2015-11-09,430039,434055,1426,2015,2015.csv,2015_2B90816,leeds_central_selected_box,387,387,342660331,342660345,91.41323213700895,0.987614945284265,POINT (430039 434055)
2BE1731,2015-11-14,430674,434359,2305,2015,2015.csv,2015_2BE1731,leeds_central_selected_box,401,401,52161965,250960421,96.95528604068292,0.00840537631547316,POINT (430674 434359)
2BQ0098,2015-11-26,430536,433702,220,2015,2015.csv,2015_2BQ0098,leeds_central_selected_box,505,505,26298423,7275677007,238.79432675244604,1.8171934866855162,POINT (430536 433702)
2BS1390,2015-11-28,429915,433662,1915,2015,2015.csv,2015_2BS1390,leeds_central_selected_box,520,520,244150453,244150453,353.0936230944196,33.274924594871266,POINT (429915 433662)
2C21914,2015-12-02,430043,434169,2331,2015,2015.csv,2015_2C21914,leeds_central_selected_box,337,337,4936807738,52732247,69.62852482628156,2.063438339525866,POINT (430043 434169)
2C30219,2015-12-03,430638,433341,750,2015,2015.csv,2015_2C30219,leeds_central_selected_box,434,434,320952839,320943570,123.89220524592007,2.4806206519683234,POINT (430638 433341)
2C41528,2015-12-04,429972,434197,2057,2015,2015.csv,2015_2C41528,leeds_central_selected_box,32,32,52732230,8663865756,8.673765251003534,0.28877710824172675,POINT (429972 434197)
2C60906,2015-12-06,430536,433407,1510,2015,2015.csv,2015_2C60906,leeds_central_selected_box,454,454,301688528,9319419235,144.30974828451104,44.27160830974586,POINT (430536 433407)
2CA0787,2015-12-04,430407,433467,1740,2015,2015.csv,2015_2CA0787,leeds_central_selected_box,315,315,301688528,9755805559,61.33221890048015,4.466575963880032,POINT (430407 433467)
2CA0814,2015-12-10,430032,434105,1416,2015,2015.csv,2015_2CA0814,leeds_central_selected_box,217,217,3887608931,342660331,38.62930431634733,12.602204839822637,POINT (430032 434105)
2CA1397,2015-12-10,430041,434037,1955,2015,2015.csv,2015_2CA1397,leeds_central_selected_box,388,388,342660331,342660345,92.71161578552349,0.35762542984520734,POINT (430041 434037)
2CD0162,2015-12-13,429788,433696,139,2015,2015.csv,2015_2CD0162,leeds_central_selected_box,416,416,244150453,8373170800,104.90432407332179,0.7021323041855041,POINT (429788 433696)
2CK0544,2015-12-20,430031,433374,922,2015,2015.csv,2015_2CK0544,leeds_central_selected_box,50,50,11729210422,11729210421,10.317406575338977,0.532438913917533,POINT (430031 433374)
2CQ0643,2015-12-26,429939,433786,1120,2015,2015.csv,2015_2CQ0643,leeds_central_selected_box,351,351,921265743,9405615115,75.93436588615948,37.156601687098025,POINT (429939 433786)
2CQ0796,2015-12-26,430740,433546,1245,2015,2015.csv,2015_2CQ0796,leeds_central_selected_box,469,469,301689321,26300437,164.68144005287118,2.682198844683045,POINT (430740 433546)
2CQ0972,2015-12-26,430576,433604,1425,2015,2015.csv,2015_2CQ0972,leeds_central_selected_box,509,509,9755805529,342579538,256.18393489727134,7.054829873566775,POINT (430576 433604)
3161098,2016-01-06,429959,433326,1723,2016,2016.csv,2016_3161098,leeds_central_selected_box,447,447,340480305,11824674560,139.52423357397615,4.882816697827058,POINT (429959 433326)
3191206,2016-01-09,430876,434256,1810,2016,2016.csv,2016_3191206,leeds_central_selected_box,46,46,9823212,304904881,10.131852323873145,1.1089981900626227,POINT (430876 434256)
31E0436,2016-01-13,430113,434139,1705,2016,2016.csv,2016_31E0436,leeds_central_selected_box,464,464,4936807738,6336700462,154.32951155845197,0.4294409299262642,POINT (430113 434139)
31I1123,2016-01-18,430813,433940,1652,2016,2016.csv,2016_31I1123,leeds_central_selected_box,458,458,26298438,26298434,147.05697311919815,1.4945560938851639,POINT (430813 433940)
31P0315,2016-01-25,430554,433739,925,2016,2016.csv,2016_31P0315,leeds_central_selected_box,407,407,26298429,26298424,101.00448041386866,3.890449451583363,POINT (430554 433739)
31S1678,2016-01-28,429788,433491,2219,2016,2016.csv,2016_31S1678,leeds_central_selected_box,378,378,298186494,10002624792,88.47270329577066,0.43690542842772717,POINT (429788 433491)
31T0287,2016-01-29,430535,433451,815,2016,2016.csv,2016_31T0287,leeds_central_selected_box,454,454,301688528,9319419235,144.30974828451104,0.36801271388595796,POINT (430535 433451)
31V1251,2016-01-31,430036,434078,1535,2016,2016.csv,2016_31V1251,leeds_central_selected_box,217,217,3887608931,342660331,38.62930431634733,3.572030483292569,POINT (430036 434078)
3280323,2016-02-06,430233,433333,2220,2016,2016.csv,2016_3280323,leeds_central_selected_box,475,475,643933,10103026371,174.1234923800386,2.475504251485075,POINT (430233 433333)
32A1660,2016-02-10,430437,434358,2130,2016,2016.csv,2016_32A1660,leeds_central_selected_box,442,442,250932749,3043472124,135.9739446539594,1.2570886280921711,POINT (430437 434358)
32C0191,2016-02-12,429948,433352,714,2016,2016.csv,2016_32C0191,leeds_central_selected_box,447,447,340480305,11824674560,139.52423357397615,1.742601306595883,POINT (429948 433352)
32G1604,2016-02-16,430421,433462,2027,2016,2016.csv,2016_32G1604,leeds_central_selected_box,315,315,301688528,9755805559,61.33221890048015,1.2190351365729915,POINT (430421 433462)
32Q0653,2016-02-26,430770,433455,1300,2016,2016.csv,2016_32Q0653,leeds_central_selected_box,425,425,682264890,643914,116.05711449409321,2.8750532545660685,POINT (430770 433455)
3370178,2016-03-07,430637,433678,718,2016,2016.csv,2016_3370178,leeds_central_selected_box,505,505,26298423,7275677007,238.79432675244604,0.9246968520013993,POINT (430637 433678)
3390843,2016-03-09,430291,433534,1440,2016,2016.csv,2016_3390843,leeds_central_selected_box,472,472,9755805559,26299410,170.42537349703704,45.90487046459401,POINT (430291 433534)
33L0442,2016-03-21,430264,433752,1010,2016,2016.csv,2016_33L0442,leeds_central_selected_box,501,501,26298474,26296951,223.60761774821097,70.24760502286973,POINT (430264 433752)
33Q1107,2016-03-26,430069,433848,1340,2016,2016.csv,2016_33Q1107,leeds_central_selected_box,422,422,9405615106,9077392916,113.45850285449133,3.2234710717205552,POINT (430069 433848)
33U0574,2016-03-17,430377,433523,1210,2016,2016.csv,2016_33U0574,leeds_central_selected_box,472,472,9755805559,26299410,170.42537349703704,31.026034545889967,POINT (430377 433523)
3480522,2016-04-08,430878,434255,1107,2016,2016.csv,2016_3480522,leeds_central_selected_box,46,46,9823212,304904881,10.131852323873145,0.6133156102566976,POINT (430878 434255)
3480914,2016-04-08,430857,433893,1425,2016,2016.csv,2016_3480914,leeds_central_selected_box,137,137,26298441,26298440,25.881307185039482,0.7948030184560567,POINT (430857 433893)
34A0112,2016-04-10,430414,433945,50,2016,2016.csv,2016_34A0112,leeds_central_selected_box,259,259,52350428,1743296736,44.64009043103816,0.6905021359195374,POINT (430414 433945)
34F1454,2016-04-15,430233,433333,1845,2016,2016.csv,2016_34F1454,leeds_central_selected_box,475,475,643933,10103026371,174.1234923800386,2.475504251485075,POINT (430233 433333)
34G0789,2016-04-16,430601,434156,1310,2016,2016.csv,2016_34G0789,leeds_central_selected_box,397,397,52162388,250961841,96.64527002335288,2.7698081793250093,POINT (430601 434156)
34J1015,2016-04-19,430820,433955,1610,2016,2016.csv,2016_34J1015,leeds_central_selected_box,413,413,26298438,8674724116,104.06085280847716,2.166727637678621,POINT (430820 433955)
34K1993,2016-04-20,429899,433413,2255,2016,2016.csv,2016_34K1993,leeds_central_selected_box,406,406,9791130,11264550802,100.67493234189126,12.227600107699077,POINT (429899 433413)
34L0195,2016-04-21,430640,434240,719,2016,2016.csv,2016_34L0195,leeds_central_selected_box,344,344,13005195586,13005195583,73.88013165655472,1.333362825148816,POINT (430640 434240)
34L0343,2016-04-21,430066,433772,915,2016,2016.csv,2016_34L0343,leeds_central_selected_box,514,514,9405615106,921265743,300.8213037842363,2.1115624964257296,POINT (430066 433772)
34L1732,2016-04-21,430807,433856,2030,2016,2016.csv,2016_34L1732,leeds_central_selected_box,298,298,26298445,3381506666,53.652449765353566,2.542567059006462,POINT (430807 433856)
34Q1266,2016-04-26,430566,433456,1834,2016,2016.csv,2016_34Q1266,leeds_central_selected_box,454,454,301688528,9319419235,144.30974828451104,3.8273523121465867,POINT (430566 433456)
34S1121,2016-04-28,430576,433446,1656,2016,2016.csv,2016_34S1121,leeds_central_selected_box,161,161,5728993698,9319419235,28.904991124686802,5.27574833690317,POINT (430576 433446)
3531412,2016-05-03,430358,433916,1810,2016,2016.csv,2016_3531412,leeds_central_selected_box,38,38,342660357,26296956,9.054378494090999,2.2687756858562045,POINT (430358 433916)
35E0878,2016-05-14,430030,433365,1410,2016,2016.csv,2016_35E0878,leeds_central_selected_box,367,367,10103026385,340480304,84.85820773480447,1.008746943035099,POINT (430030 433365)
35H0201,2016-05-17,430839,434003,749,2016,2016.csv,2016_35H0201,leeds_central_selected_box,227,227,395469494,249813619,39.84777649931187,0.3250998983056199,POINT (430839 434003)
35H0788,2016-05-17,430221,434366,1400,2016,2016.csv,2016_35H0788,leeds_central_selected_box,361,361,49556023,1303879422,81.67041282757879,2.1010539227790335,POINT (430221 434366)
35L1752,2016-05-21,430327,433739,2310,2016,2016.csv,2016_35L1752,leeds_central_selected_box,501,501,26298474,26296951,223.60761774821097,64.80550684373044,POINT (430327 433739)
35N1534,2016-05-23,430408,433478,1915,2016,2016.csv,2016_35N1534,leeds_central_selected_box,315,315,301688528,9755805559,61.33221890048015,5.4855595805904045,POINT (430408 433478)
35Q0727,2016-05-19,430105,433378,1720,2016,2016.csv,2016_35Q0727,leeds_central_selected_box,481,481,10103026366,11729210421,182.83806989374193,3.6353864062063073,POINT (430105 433378)
35Q1663,2016-05-26,430793,433459,2315,2016,2016.csv,2016_35Q1663,leeds_central_selected_box,403,403,342628235,5728993689,99.67890347758987,1.3441594804343344,POINT (430793 433459)
35R0654,2016-05-27,430784,433454,1830,2016,2016.csv,2016_35R0654,leeds_central_selected_box,433,433,342628235,682264890,123.18100276734256,1.7089896936225302,POINT (430784 433454)
35R1584,2016-05-27,430119,433382,1950,2016,2016.csv,2016_35R1584,leeds_central_selected_box,481,481,10103026366,11729210421,182.83806989374193,3.8617400271804114,POINT (430119 433382)
35V1090,2016-05-31,430254,433817,1710,2016,2016.csv,2016_35V1090,leeds_central_selected_box,501,501,26298474,26296951,223.60761774821097,37.8878924588665,POINT (430254 433817)
3631326,2016-06-03,430072,433369,1220,2016,2016.csv,2016_3631326,leeds_central_selected_box,482,482,11729210421,10103026366,182.83806989374196,0.6977597259997943,POINT (430072 433369)
3631784,2016-06-03,430062,433712,520,2016,2016.csv,2016_3631784,leeds_central_selected_box,514,514,9405615106,921265743,300.8213037842363,1.0700603964785969,POINT (430062 433712)
3661487,2016-06-06,430281,434351,1900,2016,2016.csv,2016_3661487,leeds_central_selected_box,526,526,21545941,21099339,529.7617799957961,9.442847764492454,POINT (430281 434351)
3691956,2016-06-10,430484,433455,2340,2016,2016.csv,2016_3691956,leeds_central_selected_box,454,454,301688528,9319419235,144.30974828451104,0.43136622984389544,POINT (430484 433455)
36B1783,2016-06-11,429788,433696,2221,2016,2016.csv,2016_36B1783,leeds_central_selected_box,416,416,244150453,8373170800,104.90432407332179,0.7021323041855041,POINT (429788 433696)
36E0492,2016-06-14,429967,433790,1120,2016,2016.csv,2016_36E0492,leeds_central_selected_box,351,351,921265743,9405615115,75.93436588615948,9.21157102249039,POINT (429967 433790)
36E1419,2016-06-14,429971,433314,1705,2016,2016.csv,2016_36E1419,leeds_central_selected_box,447,447,340480305,11824674560,139.52423357397615,0.6864525804205092,POINT (429971 433314)
36F1615,2016-06-15,430519,433744,2040,2016,2016.csv,2016_36F1615,leeds_central_selected_box,371,371,26298428,26298429,85.94352496745043,2.999902023744892,POINT (430519 433744)
36H0328,2016-06-17,430856,434104,800,2016,2016.csv,2016_36H0328,leeds_central_selected_box,254,254,13030649306,11862438640,44.0538734020548,0.6344087474375896,POINT (430856 434104)
36M1184,2016-06-22,430842,434106,1712,2016,2016.csv,2016_36M1184,leeds_central_selected_box,355,355,9823138,52162260,78.02403224494057,0.7870641364274151,POINT (430842 434106)
36P0595,2016-06-25,430236,433914,1140,2016,2016.csv,2016_36P0595,leeds_central_selected_box,455,455,342660306,26296951,145.47671249676634,0.07795033371724681,POINT (430236 433914)
36P1826,2016-06-25,430876,434256,2325,2016,2016.csv,2016_36P1826,leeds_central_selected_box,46,46,9823212,304904881,10.131852323873145,1.1089981900626227,POINT (430876 434256)
36Q1665,2016-06-26,430590,433324,2120,2016,2016.csv,2016_36Q1665,leeds_central_selected_box,103,103,321000277,317087689,20.677064148920913,0.47335579095939917,POINT (430590 433324)
36T1402,2016-06-29,430434,434358,1900,2016,2016.csv,2016_36T1402,leeds_central_selected_box,442,442,250932749,3043472124,135.9739446539594,0.9235503795484321,POINT (430434 434358)
3721205,2016-07-02,430780,433454,1526,2016,2016.csv,2016_3721205,leeds_central_selected_box,73,73,643914,342628235,13.850909481342587,5.326571408587109,POINT (430780 433454)
3740733,2016-07-04,430413,433768,1315,2016,2016.csv,2016_3740733,leeds_central_selected_box,501,501,26298474,26296951,223.60761774821097,21.39276112927564,POINT (430413 433768)
3741226,2016-07-04,429999,434154,1700,2016,2016.csv,2016_3741226,leeds_central_selected_box,462,462,52728502,52732399,152.46971057129835,0.47327152199782163,POINT (429999 434154)
37I0734,2016-07-18,430729,433498,1105,2016,2016.csv,2016_37I0734,leeds_central_selected_box,469,469,301689321,26300437,164.68144005287118,30.329749454675515,POINT (430729 433498)
37I0790,2016-07-18,430371,433422,930,2016,2016.csv,2016_37I0790,leeds_central_selected_box,490,490,643930,301688528,199.80751383908898,15.375537537774619,POINT (430371 433422)
37O1315,2016-07-24,430296,433400,400,2016,2016.csv,2016_37O1315,leeds_central_selected_box,472,472,9755805559,26299410,170.42537349703704,9.040010189706571,POINT (430296 433400)
3821313,2016-08-02,430667,434302,1830,2016,2016.csv,2016_3821313,leeds_central_selected_box,296,296,304904884,13005195586,53.18379019939754,0.49945365978246514,POINT (430667 434302)
3851109,2016-08-05,430425,433460,957,2016,2016.csv,2016_3851109,leeds_central_selected_box,315,315,301688528,9755805559,61.33221890048015,0.6804498560347431,POINT (430425 433460)
38A0787,2016-08-10,430762,433502,1315,2016,2016.csv,2016_38A0787,leeds_central_selected_box,469,469,301689321,26300437,164.68144005287118,1.9726073980990244,POINT (430762 433502)
38A1262,2016-08-10,430864,434191,1810,2016,2016.csv,2016_38A1262,leeds_central_selected_box,352,352,8674727247,304904881,76.04793211837946,4.270859351570233,POINT (430864 434191)
38O0184,2016-08-24,430267,433747,230,2016,2016.csv,2016_38O0184,leeds_central_selected_box,501,501,26298474,26296951,223.60761774821097,73.51894300095546,POINT (430267 433747)
38P1414,2016-08-25,430295,433389,1800,2016,2016.csv,2016_38P1414,leeds_central_selected_box,472,472,9755805559,26299410,170.42537349703704,10.236716219930711,POINT (430295 433389)
38Q0585,2016-08-26,430079,433774,1154,2016,2016.csv,2016_38Q0585,leeds_central_selected_box,262,262,9405615106,244449799,45.27919351361295,3.4865846889800247,POINT (430079 433774)
39G0414,2016-09-16,429859,433411,929,2016,2016.csv,2016_39G0414,leeds_central_selected_box,406,406,9791130,11264550802,100.67493234189126,6.693600221395522,POINT (429859 433411)
39L1271,2016-09-21,430682,433457,1630,2016,2016.csv,2016_39L1271,leeds_central_selected_box,419,419,5728993698,10563335054,111.65128131056491,5.691026423342642,POINT (430682 433457)
39O1270,2016-09-24,430267,433740,1709,2016,2016.csv,2016_39O1270,leeds_central_selected_box,501,501,26298474,26296951,223.60761774821097,79.91881146427983,POINT (430267 433740)
39P0142,2016-09-25,429886,434288,130,2016,2016.csv,2016_39P0142,leeds_central_selected_box,328,328,21545962,664212051,66.05537175723695,0.5026367251339241,POINT (429886 434288)
39U0240,2016-09-30,430659,433341,710,2016,2016.csv,2016_39U0240,leeds_central_selected_box,434,434,320952839,320943570,123.89220524592007,3.75611291221141,POINT (430659 433341)
3A30995,2016-10-03,429862,433797,1545,2016,2016.csv,2016_3A30995,leeds_central_selected_box,520,520,244150453,244150453,353.0936230944196,62.85820537527546,POINT (429862 433797)
3A60460,2016-10-06,430576,433446,1000,2016,2016.csv,2016_3A60460,leeds_central_selected_box,161,161,5728993698,9319419235,28.904991124686802,5.27574833690317,POINT (430576 433446)
3A71446,2016-10-07,430718,433603,300,2016,2016.csv,2016_3A71446,leeds_central_selected_box,470,470,1022749752,26661432,166.31425281718725,1.0831008794634822,POINT (430718 433603)
3A80333,2016-10-08,430457,433358,200,2016,2016.csv,2016_3A80333,leeds_central_selected_box,490,490,643930,301688528,199.80751383908898,44.289347207305475,POINT (430457 433358)
3A82055,2016-10-08,429798,433928,2339,2016,2016.csv,2016_3A82055,leeds_central_selected_box,201,201,9791509,4621501066,35.916417900692004,2.542280891942931,POINT (429798 433928)
3AA1241,2016-10-10,430018,434178,1745,2016,2016.csv,2016_3AA1241,leeds_central_selected_box,462,462,52728502,52732399,152.46971057129835,12.533364596451715,POINT (430018 434178)
3AB1304,2016-10-11,430115,434221,1800,2016,2016.csv,2016_3AB1304,leeds_central_selected_box,518,518,49556023,4936807738,315.2122282622382,0.1136990816872105,POINT (430115 434221)
3AD0563,2016-10-13,430033,434159,1056,2016,2016.csv,2016_3AD0563,leeds_central_selected_box,337,337,4936807738,52732247,69.62852482628156,1.686111600723048,POINT (430033 434159)
3AG0599,2016-10-16,430218,434371,1039,2016,2016.csv,2016_3AG0599,leeds_central_selected_box,519,519,21099337,21099339,333.06746360794716,0.2638856636584993,POINT (430218 434371)
3AM0599,2016-10-22,429892,433800,1120,2016,2016.csv,2016_3AM0599,leeds_central_selected_box,520,520,244150453,244150453,353.0936230944196,66.39097386746606,POINT (429892 433800)
3AP0995,2016-10-25,430833,434014,1557,2016,2016.csv,2016_3AP0995,leeds_central_selected_box,413,413,26298438,8674724116,104.06085280847716,1.0985945260949244,POINT (430833 434014)
3AQ0489,2016-10-26,430576,433446,1115,2016,2016.csv,2016_3AQ0489,leeds_central_selected_box,161,161,5728993698,9319419235,28.904991124686802,5.27574833690317,POINT (430576 433446)
3AS0267,2016-10-28,430784,433454,708,2016,2016.csv,2016_3AS0267,leeds_central_selected_box,433,433,342628235,682264890,123.18100276734256,1.7089896936225302,POINT (430784 433454)
3B10454,2016-11-01,430839,434003,745,2016,2016.csv,2016_3B10454,leeds_central_selected_box,227,227,395469494,249813619,39.84777649931187,0.3250998983056199,POINT (430839 434003)
3B60634,2016-11-06,430062,433712,1116,2016,2016.csv,2016_3B60634,leeds_central_selected_box,514,514,9405615106,921265743,300.8213037842363,1.0700603964785969,POINT (430062 433712)
3BB0447,2016-11-11,430869,434149,1030,2016,2016.csv,2016_3BB0447,leeds_central_selected_box,229,229,395469503,13030649306,40.02752930708635,5.991753797294884,POINT (430869 434149)
3BC0971,2016-11-13,430369,433487,1510,2016,2016.csv,2016_3BC0971,leeds_central_selected_box,405,405,9755805559,10563335063,99.79032761334132,3.4530021457945552,POINT (430369 433487)
3BI1116,2016-11-17,430368,433926,1740,2016,2016.csv,2016_3BI1116,leeds_central_selected_box,365,365,26296956,10624200323,83.8291122427438,1.6592075586420894,POINT (430368 433926)
3BJ0893,2016-11-19,430113,434139,1410,2016,2016.csv,2016_3BJ0893,leeds_central_selected_box,464,464,4936807738,6336700462,154.32951155845197,0.4294409299262642,POINT (430113 434139)
3BK0798,2016-11-20,430773,433449,1815,2016,2016.csv,2016_3BK0798,leeds_central_selected_box,425,425,682264890,643914,116.05711449409321,0.7934434292150524,POINT (430773 433449)
3BQ1977,2016-11-26,430638,434240,2340,2016,2016.csv,2016_3BQ1977,leeds_central_selected_box,376,376,52161947,52161965,87.87682118326282,2.0820864480381625,POINT (430638 434240)
3C71162,2016-12-07,429872,433414,1615,2016,2016.csv,2016_3C71162,leeds_central_selected_box,406,406,9791130,11264550802,100.67493234189126,11.349926823544584,POINT (429872 433414)
3C90476,2016-12-08,430055,434187,2200,2016,2016.csv,2016_3C90476,leeds_central_selected_box,462,462,52728502,52732399,152.46971057129835,2.043952176697169,POINT (430055 434187)
3CA0780,2016-12-10,430374,433535,1202,2016,2016.csv,2016_3CA0780,leeds_central_selected_box,472,472,9755805559,26299410,170.42537349703704,40.40212305620101,POINT (430374 433535)
3CB0163,2016-12-11,430341,433905,140,2016,2016.csv,2016_3CB0163,leeds_central_selected_box,102,102,52167638,342660357,20.62699827082741,0.7492213495819899,POINT (430341 433905)
3CF0887,2016-12-15,430668,433452,1510,2016,2016.csv,2016_3CF0887,leeds_central_selected_box,419,419,5728993698,10563335054,111.65128131056491,0.4191526875904535,POINT (430668 433452)
3CG0238,2016-12-18,430188,434387,735,2016,2016.csv,2016_3CG0238,leeds_central_selected_box,519,519,21099337,21099339,333.06746360794716,2.015764154579822,POINT (430188 434387)
3CG1977,2016-12-16,430332,433348,2335,2016,2016.csv,2016_3CG1977,leeds_central_selected_box,405,405,9755805559,10563335063,99.79032761334132,50.2517831194403,POINT (430332 433348)
3CK0762,2016-12-20,430643,433451,1410,2016,2016.csv,2016_3CK0762,leeds_central_selected_box,420,420,10563335054,5728993698,111.65128131056493,0.4986271417532135,POINT (430643 433451)
3CL0689,2016-12-21,430177,434291,1245,2016,2016.csv,2016_3CL0689,leeds_central_selected_box,518,518,49556023,4936807738,315.2122282622382,6.171748005081352,POINT (430177 434291)
3CM0726,2016-12-22,430378,433537,1230,2016,2016.csv,2016_3CM0726,leeds_central_selected_box,472,472,9755805559,26299410,170.42537349703704,43.984951908415745,POINT (430378 433537)
3CT1179,2016-12-29,429839,433406,1725,2016,2016.csv,2016_3CT1179,leeds_central_selected_box,406,406,9791130,11264550802,100.67493234189126,1.7324724011079333,POINT (429839 433406)
