accident_uid,year,edge_id,edge_length_m,snap_distance_m,distance_to_nearest_intersection_m,fraction_of_road_length_to_nearest_intersection
2012_120009062,2012,472,170.63568685171566,22.086051142317658,9.949074288008532,0.058305940987915326
2012_120020522,2012,446,137.63338677798305,0.6044188930859858,57.18269244797807,0.415471084354116
2012_120022848,2012,501,224.07635330016421,65.42076880924762,99.34692653628048,0.4433619392368417
2012_120028885,2012,486,196.90628404790354,1.163729413505701,3.506897164720374,0.01780998093421545
2012_120041527,2012,445,137.63338677798305,4.073490960116324,25.024539019892337,0.18182026618482852
2012_120042973,2012,143,27.43877190817634,1.315644005873106,1.8144258857269193,0.06612635185710508
2012_120049784,2012,509,256.93541774711343,18.15071910328021,0.0,0.0
2012_120050598,2012,13,5.927493069844323,0.3506628846161975,2.543843300574161,0.42916006321724326
2012_120052192,2012,446,137.63338677798305,3.7002355421218303,14.370486318329258,0.1044113398263631
2012_120056329,2012,15,6.047564920655739,0.22008349139079827,1.217736941168721,0.2013598790828163
2012_120074400,2012,409,101.85638189840742,3.4310869271597286,33.00689764565116,0.3240533094781687
2012_120085863,2012,421,113.53214941568135,1.6451242789007998,9.165913863498899,0.08073408202586958
2012_120091076,2012,510,275.57879012280773,2.8568439170872475,67.30070405261377,0.24421583396393523
2012_120095078,2012,332,68.69337893127117,0.35596937900568365,18.132351001445336,0.26396067981438276
2012_120120080,2012,189,33.39776541911337,1.6955028158608811,11.317839951367056,0.33888015588282183
2012_120121830,2012,483,184.09589266511335,0.16671174548324003,19.66129263043485,0.10679919223510582
2012_120139215,2012,509,256.93541774711343,5.0108082644280705,0.16495374244151795,0.000642004686967183
2012_120139844,2012,505,239.46148567867652,28.067083667865152,47.35881795459247,0.19777217125488525
2012_120140240,2012,121,23.919494194881924,0.8405253887930774,5.506196629581709,0.23019703446571518
2012_120140338,2012,508,250.68509278028367,0.8640359910285891,13.249233405964674,0.05285209925736248
2012_120143351,2012,501,224.07635330016421,75.84715791028695,100.9950921973308,0.45071731447736296
2012_120144505,2012,520,353.958028292768,61.729483997385735,151.74205162953692,0.42870069189115007
2012_120147260,2012,502,227.93471145484455,10.406022289413905,9.2212018803454,0.040455452447277586
2012_120149769,2012,527,624.0417990149245,2.036724700126446,26.418341855892418,0.04233425052231252
2012_120152067,2012,230,40.52807142154043,2.2459334012005066,18.011256449339832,0.4444143483167806
2012_120157142,2012,220,39.25474555738174,0.4995238193408835,1.1936685458732226,0.030408260935696135
2012_120165739,2012,454,144.7322820573829,0.8183160828796301,21.048759816726868,0.14543237705864084
2012_120169305,2012,251,43.53667012181138,7.87897293597601,7.5451469702169245,0.17330555940788156
2012_120170118,2012,364,83.62650555764652,1.0322947182170332,13.13650756091593,0.15708545362881987
2012_120170957,2012,419,111.9801917264074,0.2901376895479557,28.31988142901578,0.2529008121204826
2012_120173652,2012,479,180.61522667671318,73.59116244012995,95.12702067055739,0.5266832836902902
2012_120178552,2012,380,89.00229798065443,3.5743050766126303,5.060651757747635,0.05685978758489607
2012_120183864,2012,405,99.88782334654171,12.02328092000741,99.88782334654171,1.0
2012_120193578,2012,470,166.4881079867116,0.7836860899809592,77.66892413583543,0.4665133448572473
2012_120193856,2012,444,136.67653477503654,0.15911999220288997,51.237118770486774,0.37487867873458147
2012_120196914,2012,207,37.67801737622696,60.038254835229424,37.67801737622696,1.0
2012_120197343,2012,419,111.9801917264074,2.5746478389300744,20.663092200279053,0.18452452957719165
2012_120198532,2012,520,353.958028292768,36.66225417043958,63.581175456504525,0.17962913784770793
2012_120199961,2012,406,100.97021339879403,6.552757330052131,,
2012_120204644,2012,433,123.28715661460193,0.6295966653096551,6.880986441484402,0.055812678550082075
2012_120216660,2012,404,99.8878233465417,1.472832571254454,48.656508024705346,0.4871115056326826
2012_120218929,2012,406,100.97021339879403,1.2506612962205985,,
2012_120226575,2012,388,92.79314954666299,0.8158294736516485,44.36379441217747,0.4780934220781913
2012_120234401,2012,469,164.86638173558933,0.50422990536209,33.17581976333659,0.20122853072947014
2012_120235442,2012,479,180.61522667671318,41.07510581886237,151.44344390816013,0.8384865810856125
2012_120236987,2012,520,353.958028292768,52.394835564021236,44.4943025129248,0.12570502420168977
2012_120238291,2012,321,63.15307760702581,2.07473788612148,20.93053774909972,0.3314254592522216
2012_120242748,2012,321,63.15307760702581,7.194506248782623,8.432509182624813,0.1335249128331743
2012_120263152,2012,523,425.1983977750724,1.9343936892206977,145.72898871093838,0.34273174469492756
2012_120265237,2012,388,92.79314954666299,1.8849096128841796,17.005612884724634,0.18326366728368243
2012_120281894,2012,315,61.47603790015733,2.5494685161885764,20.432025892739787,0.33235755898783287
2012_120286209,2012,509,256.93541774711343,6.429373907239637,0.0,0.0
2012_120292063,2012,462,152.80477861807276,1.525713407964533,10.714698977921941,0.07012018259391448
2012_120297170,2012,337,69.79411271160497,2.6220834636672974,14.437329127102792,0.20685597346525528
2012_120301346,2012,143,27.43877190817634,0.27757007479548307,4.801464973790058,0.17498833365640878
2012_120304783,2012,396,95.80320605007086,1.6220499409095082,21.119733597541057,0.22044913180152845
2012_120311517,2012,433,123.28715661460193,0.38110883503338816,9.870677696146762,0.08006249772636653
2012_120316659,2012,430,118.78725014345537,0.5553752945433551,5.729974548294478,0.04823728591557242
2012_120318017,2012,119,23.242114864557983,1.234793122522483,7.350362063769393,0.3162518603235197
2012_120323327,2012,446,137.63338677798305,1.58696546455677,52.24830712658062,0.37961942483376193
2012_120324460,2012,332,68.69337893127117,0.5322559681970607,19.312333342390907,0.2811382063723086
2012_120328178,2012,405,99.88782334654171,3.031865538538602,77.11942985633748,0.7720603700491736
2012_120334460,2012,192,33.91375300737073,3.830915599648822,15.255972977895132,0.44984620176302625
2012_120348781,2012,425,116.13271478345013,0.09957348743138023,11.884077174757252,0.10233186399643894
2012_120352872,2012,433,123.28715661460193,0.5467673885508995,7.877550193038521,0.06389595160884355
2012_120366134,2012,514,301.1892467669466,0.07426963277082388,132.0990860507729,0.438591641198227
2012_120366693,2012,198,35.03199480876558,0.4973377957235816,4.096593374685245,0.1169386270193272
2012_120371071,2012,196,34.361018047521554,0.4496113613791598,10.397151016673778,0.3025856510506888
2012_120373866,2012,27,7.995276440573736,1.9330037334775714,2.6592873326221067,0.3326073028728545
2012_120381146,2012,406,100.97021339879403,4.434230543372747,,
2012_120407441,2012,371,86.1887337764826,0.3219701416172448,2.395204438864303,0.02779022656343812
2012_120407492,2012,518,315.77215998545694,3.7076012550601325,100.12149053037257,0.3170687705179067
2012_120414470,2012,119,23.242114864557983,1.6671933181668732,2.2087127053763247,0.09503062514953842
2012_120417171,2012,481,183.36197895488044,0.32621678777818847,13.166917720488252,0.07180833123386071
2012_120417522,2012,352,76.09766980843177,4.1249025093030465,4.88737118940702,0.06422497826425547
2012_120419885,2012,258,44.6288673403162,4.4342561536764125,10.76563513865689,0.241225820421653
2012_120435427,2012,97,19.21360249576341,1.4792413782880225,2.229151742106754,0.11601945770441961
2012_120436725,2012,484,189.68090524054622,0.36406834333091365,85.60816205115582,0.45132725375066485
2012_120437761,2012,481,183.36197895488044,1.9630368215967517,49.109676955040435,0.26782911721914154
2012_120440506,2012,275,48.587732204710576,5.818271125155738,21.00744096082097,0.4323610098185299
2012_120452226,2012,472,170.63568685171566,13.603533754189726,2.3302227498758077,0.013656127817510985
2012_120455341,2012,54,10.93945534046623,0.7132400228462089,4.634827491236445,0.4236799133949307
2012_120456432,2012,220,39.25474555738174,0.6552107885700728,3.1085022162719675,0.07918793440472124
2012_120466278,2012,309,58.843097432203336,1.5286675153631977,6.388356617248297,0.10856594734172018
2012_120467209,2012,481,183.36197895488044,4.50878792067095,61.66153995088075,0.33628312860897785
2012_120468045,2012,454,144.7322820573829,8.702991490389044,12.210620319620784,0.08436694389147796
2012_120471770,2012,405,99.88782334654171,9.32151405629501,99.88782334654171,1.0
2012_120471999,2012,268,47.34318132950181,0.026189932935139763,0.8111911867628052,0.017134277080304974
2012_120473934,2012,436,126.56250803633431,0.5643766360264009,3.412821022005815,0.02696549772090517
2012_120475399,2012,515,301.1892467669466,0.05129076246282563,0.015768147034975755,5.235295484229817e-05
2012_120477567,2012,487,198.11971497090815,26.07161184761321,0.0,0.0
2012_120479215,2012,470,166.4881079867116,3.0870679999607322,40.586969922115976,0.24378299695348488
2012_120482010,2012,80,15.659044443585397,0.13897518343145027,1.4308849997109523,0.09137754253562407
2012_120486988,2012,183,32.27725310187726,2.0635458543454748,1.4552130049620295,0.04508478464288505
2012_120488867,2012,454,144.7322820573829,0.05590531879342606,51.052593966662016,0.35273812615226285
2012_120490517,2012,388,92.79314954666299,0.37643431407464906,10.158254003812491,0.10947202518117137
2012_120490984,2012,121,23.919494194881924,0.004308204935774351,8.899202564533665,0.37204810820948864
2012_120492608,2012,375,87.5590543628689,0.6400838200025174,43.41576604790254,0.49584553378084245
2012_120495157,2012,446,137.63338677798305,60.86417850926307,1.1185989410009047,0.008127380769938627
2012_120503060,2012,475,174.23643618065617,22.262374892840594,0.0,0.0
2012_120522513,2012,427,117.21031175503573,0.8871030876366754,4.502864446401406,0.03841696501765297
2012_120532843,2012,380,89.00229798065443,42.24092435719834,25.123440538508746,0.28227856031278636
2012_120534836,2012,520,353.958028292768,60.457043125992676,44.4943025129248,0.12570502420168977
2012_120535837,2012,479,180.61522667671318,0.3423754146069672,4.327491238266624,0.023959725422333787
2012_120535924,2012,262,45.40902546173489,34.20269141015241,45.40902546173489,1.0
2012_120545685,2012,475,174.23643618065617,9.917853002250842,0.0,0.0
2012_120545842,2012,466,161.14091011519602,11.319149819606599,64.63196486687337,0.4010897345724896
2012_120549240,2012,465,158.26313555477188,1.044921287384966,35.58276397404309,0.22483292681717765
2012_120549758,2012,229,40.05526952148451,4.637811304843526,5.439148591815105,0.13579108708525103
2012_120559644,2012,446,137.63338677798305,0.4744337879219079,22.718811263590368,0.1650675885803651
2012_120564333,2012,375,87.5590543628689,0.4194469011423222,13.294126900557757,0.15183040745807078
2013_130012900,2013,491,203.95898928685745,1.3271623854289918,63.552245224052285,0.31159325434129037
2013_130019050,2013,412,103.55827437207323,0.7262978835165919,2.3941523629893204,0.023118890088757182
2013_130023385,2013,404,99.8878233465417,1.9301368064440811,4.394657791092214,0.043995931074058844
2013_130023395,2013,357,80.16155092626107,0.588028955773918,1.5136527268129072,0.018882527961631937
2013_130026506,2013,418,111.00939699598432,0.09004180146829424,0.9484276361829274,0.008543669831998422
2013_130035563,2013,454,144.7322820573829,2.0837313378276514,22.670307263208315,0.1566361487634119
2013_130048841,2013,475,174.23643618065617,2.251218900457091,49.14515876550148,0.28206016974856835
2013_130064764,2013,404,99.8878233465417,6.323166551724055,52.006492752210576,0.5206489741175359
2013_130067415,2013,459,148.42670702144738,1.774848371409274,70.15788827626226,0.4726769843793986
2013_130076068,2013,325,65.28776732052162,0.6221993015140976,28.67075992857689,0.4391444386177521
2013_130079762,2013,403,99.96040795163113,4.990921624924751,46.05244034070336,0.4607068066687686
2013_130090039,2013,502,227.93471145484455,0.47884247455253637,30.968014477313872,0.13586352986630934
2013_130090045,2013,415,104.36087591932639,2.510349180216217,3.2932273685899673,0.031556149175441146
2013_130090846,2013,455,145.8949444225781,2.070278654343169,7.772181359596118,0.0532724515599687
2013_130091406,2013,140,27.023631814448944,1.563646018617742,11.468841526457476,0.4244004508796385
2013_130093162,2013,520,353.958028292768,7.1535350996275255,173.10130335869033,0.4890447158201302
2013_130104305,2013,405,99.88782334654171,2.344889096760923,87.34347392836902,0.8744156294741505
2013_130107674,2013,501,224.07635330016421,15.215581473429035,224.07635330016421,1.0
2013_130115312,2013,157,27.78576203406625,9.026603713102899,27.78576203406625,1.0
2013_130115852,2013,490,200.07871488259045,0.9266602107572032,93.4763583750863,0.467197914730409
2013_130128616,2013,462,152.80477861807276,0.19305678798963,4.532140742592727,0.02965967938686372
2013_130148327,2013,469,164.86638173558933,1.0715916027472627,56.85102806461745,0.3448309319712883
2013_130148545,2013,403,99.96040795163113,6.187927023515089,41.19783653856403,0.4121415406637682
2013_130150436,2013,464,154.6974596857596,1.0791801697218222,40.344186262997496,0.2607941096443958
2013_130156332,2013,403,99.96040795163113,0.42693793097675714,7.793365601288088,0.07796452376484042
2013_130157270,2013,360,81.42587249950171,1.3006399404052766,5.074707114677511,0.062323030247033166
2013_130157729,2013,312,59.64401958810697,1.9422023790079614,54.37771673231831,0.9117044274990688
2013_130173096,2013,490,200.07871488259045,21.7629915084137,43.01080565828896,0.21496942182744638
2013_130174360,2013,420,111.9801917264074,1.4493799014665723,27.64930725168695,0.24691248358674342
2013_130186179,2013,220,39.25474555738174,0.4995238193408835,1.1936685458732226,0.030408260935696135
2013_130215465,2013,480,180.61522667671312,1.8649038965448879,1.5558658989236847,0.008614256547198874
2013_130216788,2013,509,256.93541774711343,30.1853676878249,0.0,0.0
2013_130220341,2013,446,137.63338677798305,1.7458927721645177,34.1684107819475,0.248256702692819
2013_130223696,2013,67,12.298899780053711,1.6911521816864883,0.4861099708919383,0.03952467127834547
2013_130235998,2013,377,88.63570506588768,90.49041219837257,88.63570506588768,1.0
2013_130248823,2013,493,214.42115543980202,0.6041340379992681,3.2267925427662956,0.01504885344054685
2013_130251500,2013,325,65.28776732052162,0.2713425986619883,30.639744330258054,0.46930298871818205
2013_130264387,2013,400,96.97752692134416,1.3093864103497146,44.49214834409855,0.45878823431107835
2013_130271035,2013,419,111.9801917264074,0.47236392003647976,34.65277469215404,0.3094545040324498
2013_130283363,2013,472,170.63568685171566,6.469895528236236,169.0414572456839,0.9906571149596791
2013_130292784,2013,412,103.55827437207323,0.21378326377307655,37.82010876101563,0.36520605417904356
2013_130299853,2013,490,200.07871488259045,0.9860376971580352,32.67245148829775,0.1632979875319096
2013_130301645,2013,421,113.53214941568135,1.769955015791148,3.094417969032463,0.027255874084641037
2013_130305039,2013,472,170.63568685171566,10.922820387640371,0.9834577939894339,0.0057634942146895084
2013_130305349,2013,454,144.7322820573829,0.07033166105229395,16.994068792159936,0.11741726552354224
2013_130305402,2013,254,44.082734817579826,4.577681362357077,0.09567143378992427,0.0021702699296181436
2013_130311517,2013,427,117.21031175503573,1.5569175288118855,10.608665869093514,0.0905096634438201
2013_130318592,2013,489,198.97044991827778,0.27004549545136003,13.689723694600332,0.06880279810506057
2013_130319248,2013,470,166.4881079867116,0.2648600974454016,76.8140442673922,0.4613785644889615
2013_130322559,2013,345,73.9993746712649,4.870421694692206,6.521278266019607,0.08812612667322876
2013_130339961,2013,472,170.63568685171566,11.363197676120233,4.562014464463037,0.02673540657662942
2013_130344763,2013,511,276.50347653130376,1.710213454383898,107.34102710749352,0.3882085985104825
2013_130351121,2013,217,38.67069745413679,1.8929157058992214,15.01352341560085,0.3882403060717174
2013_130354156,2013,505,239.46148567867652,2.597551818390747,7.795852505812746,0.032555767720716805
2013_130360317,2013,262,45.40902546173489,33.28077881795666,45.40902546173489,1.0
2013_130369499,2013,505,239.46148567867652,1.4591929266996186,84.5946420147175,0.35327034648165323
2013_130372907,2013,388,92.79314954666299,1.6595952835243004,7.746909724610916,0.08348579353603273
2013_130385588,2013,524,434.7318498845737,3.1409958568059433,141.97162075466176,0.3265728535702108
2013_130390101,2013,472,170.63568685171566,7.438815948817359,170.63568685171566,1.0
2013_130393218,2013,514,301.1892467669466,1.273509075422877,138.5252301930836,0.4599275428324679
2013_130399685,2013,501,224.07635330016421,2.2866013633226947,97.59281681624746,0.4355337606084468
2013_130419694,2013,509,256.93541774711343,27.599648509557973,58.46475334142747,0.22754649341092756
2013_130421771,2013,229,40.05526952148451,4.203981135124909,3.4867676392748663,0.08704891218881108
2013_130422639,2013,475,174.23643618065617,2.339228207830078,3.8705814566336016,0.022214535268733394
2013_130425080,2013,328,66.15796733858258,0.8181944337528556,20.513055906303187,0.3100617617424924
2013_130431414,2013,161,28.990193799777597,0.27959082423929177,5.6429834072402265,0.19465145511664422
2013_130432851,2013,370,85.84618645245489,3.534202838862086,25.367268859736015,0.2954967472408974
2013_130433931,2013,505,239.46148567867652,26.984202445625705,48.26841580997757,0.20157068546190748
2013_130437362,2013,424,116.01764595615784,0.5412250555882409,1.549755928288775,0.013357932886126784
2013_130438231,2013,472,170.63568685171566,22.582250444826833,49.09197395056736,0.2877005089400135
2013_130462441,2013,360,81.42587249950171,0.0728191421838418,8.881602974489658,0.10907593252432154
2013_130466550,2013,509,256.93541774711343,42.22397708568185,0.0,0.0
2013_130468091,2013,112,21.509981559628365,0.6646323477985386,9.370641954725498,0.4356415615117523
2013_130479887,2013,455,145.8949444225781,2.1655872112131274,4.110410837122004,0.028173771568234637
2013_130481380,2013,411,103.19001012934523,35.88009143178591,20.273677603799158,0.19646938282481785
2013_130483251,2013,226,39.677544012316595,1.664441981545263,13.362224336143258,0.3367704496023089
2013_130483548,2013,289,51.36513550450326,1.5718310738539014,4.197077096338653,0.0817106205428133
2013_130490312,2013,498,220.30585921706992,1.5488827320864385,6.1785497199105395,0.028045326356130832
2013_130490436,2013,339,70.21460251291671,0.07574151769390597,2.941973093822412,0.04189973294061168
2013_130491088,2013,446,137.63338677798305,13.679737736882503,0.0,0.0
2013_130500592,2013,377,88.63570506588768,72.13970365867168,88.63570506588768,1.0
2013_130503805,2013,298,53.69332798689665,1.592397348356225,21.010611169270785,0.39130767186564086
2013_130508944,2013,454,144.7322820573829,0.9348637077609712,61.55462591310979,0.4252999057162994
2013_130509374,2013,463,153.48866529820043,1.773542091535984,24.51526486940683,0.15972035994826167
2013_130511558,2013,226,39.677544012316595,0.8739162649628031,11.525088224848892,0.2904687906406532
2013_130518805,2013,422,113.53214941568135,0.6543749345526625,5.032324334764291,0.04432510404025887
2013_130518861,2013,472,170.63568685171566,1.0807214984026787,2.753511311391147,0.016136784527283437
2013_130524020,2013,405,99.88782334654171,3.1776128861508113,62.946816163403724,0.6301750709395456
2013_130524404,2013,423,114.29526386304279,0.541503386477737,18.535372862855922,0.16217096173876816
2013_130526621,2013,501,224.07635330016421,15.281955116614693,222.64162479962226,0.9935971445473318
2013_130528890,2013,309,58.843097432203336,1.4296811278872938,4.154292924296107,0.07059949434311334
2013_130530179,2013,505,239.46148567867652,0.732772617296315,2.2711264011840626,0.009484307652845657
2013_130530777,2013,207,37.67801737622696,0.4865924022008273,1.7161328136055167,0.045547322632966215
2014_12M0822,2014,405,99.88782334654171,2.539867251526657,8.513554246587885,0.08523115191980644
2014_12N1843,2014,377,88.63570506588768,10.336227888488729,88.63570506588768,1.0
2014_12O0439,2014,514,301.1892467669466,2.1319712237281196,8.973076174542657,0.029792153175660415
2014_12O1421,2014,419,111.9801917264074,1.5309071632913505,33.659343785295114,0.30058301621354966
2014_12R0675,2014,409,101.85638189840742,1.8762020013539846,2.4482215580115727,0.02403601534220461
2014_1371450,2014,445,137.63338677798305,1.2567358201293468,44.3166090060958,0.3219902528271218
2014_13A0340,2014,472,170.63568685171566,9.571783250012867,5.90023505686715,0.034577966460172666
2014_13A0504,2014,315,61.47603790015733,5.821298066022644,15.75059966120547,0.25620713694636393
2014_13D1532,2014,370,85.84618645245489,1.0883202924826239,42.87229647290782,0.49940828177209995
2014_13F1387,2014,309,58.843097432203336,0.4653634384206577,12.702577427447874,0.21587200507388782
2014_13M0191,2014,274,48.587732204710576,0.17114467767624014,6.326268360598931,0.13020299720812242
2014_13P1326,2014,502,227.93471145484455,2.3863229595347337,4.427044649286529,0.019422424171509117
2014_13R0628,2014,479,180.61522667671318,44.029454240222215,130.61662812710554,0.7231761714138247
2014_13S0610,2014,405,99.88782334654171,4.205135507045035,99.88782334654171,1.0
2014_13S1215,2014,461,151.39409752304073,0.020957151293129656,1.238873818601462,0.008183105146572292
2014_140010999,2014,416,104.97863075921201,35.28535064700438,29.455804555683734,0.28058857638604656
2014_140012302,2014,454,144.7322820573829,1.7524445264562007,54.17186805484113,0.37429015341140875
2014_140026876,2014,495,215.01017230493312,1.5343048180205803,52.01761870291583,0.24193096608072603
2014_140034129,2014,501,224.07635330016421,84.92068844283979,100.9950921973308,0.45071731447736296
2014_140043770,2014,124,24.006437832485034,2.004314729443136,4.89397975880129,0.20386113895577018
2014_140043796,2014,520,353.958028292768,52.17696480755407,44.4943025129248,0.12570502420168977
2014_140044522,2014,502,227.93471145484455,3.2434062939843264,81.62246342314741,0.35809580253123224
2014_140053144,2014,496,218.5125831404223,3.028360952180246,34.896594949088325,0.15970061974262964
2014_140096680,2014,517,308.8124466788435,0.9818847612981889,54.37597719668729,0.17608091183331356
2014_1421333,2014,161,28.990193799777597,5.27574833690317,4.623959311032344,0.1595008071683818
2014_1450279,2014,199,35.70181605155747,2.8547763661536014,14.441165502228785,0.4044938633198408
2014_1461278,2014,445,137.63338677798305,0.674478643693018,4.990765751835255,0.03626130162651507
2014_1470521,2014,425,116.13271478345013,1.7750115703959461,6.0973742394951955,0.052503502142913154
2014_1480678,2014,371,86.1887337764826,0.751093813543043,0.44178362547233946,0.005125769994696039
2014_14I0431,2014,454,144.7322820573829,1.9339935756184479,63.73858055723609,0.44038952230412054
2014_14I0904,2014,481,183.36197895488044,3.9306940765407155,7.520773499224967,0.04101599220346324
2014_14K0632,2014,68,12.341310796544924,25.329466954113066,5.65195364545765,0.45797028683857244
2014_14M0162,2014,514,301.1892467669466,0.030344146746733962,4.014935027973846,0.013330273477792889
2014_14Q1587,2014,351,75.98007121524007,30.080073460110476,75.98007121524007,1.0
2014_14U1145,2014,348,74.52147876413484,1.8176343629857485,22.22099450234892,0.2981824149340858
2014_15B0557,2014,509,256.93541774711343,9.897227469066738,1.621973768569643,0.00631276833218088
2014_15C1074,2014,390,93.46471266012222,3.460788701495936,12.939679949220675,0.13844454854609034
2014_15D0396,2014,199,35.70181605155747,0.6309450052929051,16.782417183541185,0.4700718069721011
2014_15E1064,2014,469,164.86638173558933,52.26896535264276,76.08747725856209,0.4615099601117604
2014_15J1610,2014,433,123.28715661460193,0.058757103748338986,1.1933693118805877,0.009679591489088224
2014_15Q0515,2014,505,239.46148567867652,1.9176380946098424,13.019396182647053,0.05436947885689327
2014_15R1430,2014,262,45.40902546173489,4.032746775189996,24.037067550443894,0.5293455938775731
2014_1610836,2014,46,10.160298633175229,1.3468122494455075,2.881471956257229,0.2836011086178803
2014_1630945,2014,403,99.96040795163113,2.739010679488286,11.621461682317188,0.1162606467946848
2014_16A0804,2014,502,227.93471145484455,4.681054324013719,1.6902771173365823,0.007415619615582061
2014_16B1196,2014,200,35.93010894170672,6.200029485390724,7.58667750525418,0.21115097417497014
2014_16K1653,2014,377,88.63570506588768,10.336227888488729,88.63570506588768,1.0
2014_16O0806,2014,446,137.63338677798305,0.40195648074595286,53.02015795950604,0.38522744517675106
2014_16P1567,2014,50,10.344857875228106,0.7495572635780662,1.5040308314679418,0.14538922135117083
2014_16S0273,2014,198,35.03199480876558,2.221049934436816,16.658727017070476,0.47552893028238824
2014_16S0581,2014,421,113.53214941568135,2.723268685073149,28.152826477338078,0.2479722846985009
2014_16U0766,2014,502,227.93471145484455,5.346831779203071,2.9379711423930424,0.012889529302670844
2014_1710459,2014,472,170.63568685171566,6.0017709430215245,1.8684845526902905,0.010950139370986472
2014_1720356,2014,405,99.88782334654171,8.994468443948826,99.88782334654171,1.0
2014_1720475,2014,227,39.87416170659097,2.1375573203905427,2.1939426821318335,0.055021662857157635
2014_1741601,2014,351,75.98007121524007,24.061521188893074,75.98007121524007,1.0
2014_1750411,2014,170,30.414643664779785,1.6429497615667046,12.67189194130658,0.4166378564540164
2014_17B0790,2014,422,113.53214941568135,27.506781101462547,55.22436235390611,0.4864204777072456
2014_17C2155,2014,447,139.70302444199157,0.9612322106253455,26.27282977036822,0.18806199704915766
2014_17E0742,2014,203,36.34812794300274,2.17437498977978,10.006366564269893,0.27529248768907194
2014_17I1703,2014,403,99.96040795163113,2.0648429020855628,41.211152980119635,0.4122747578227262
2014_17L0495,2014,501,224.07635330016421,2.2161885010434825,54.08600506021523,0.2413731045853092
2014_17N0976,2014,403,99.96040795163113,2.5436450615216972,39.2693114592639,0.392848651420726
2014_17O1143,2014,93,18.913395588402373,0.6602157768391728,4.650599863932106,0.24588920811151632
2014_17R0120,2014,340,70.53804701045843,0.7870960817625292,1.1253395485777067,0.01595365332996612
2014_17T1202,2014,523,425.1983977750724,0.475623800714144,141.50146101589172,0.33278926203937675
2014_17T1602,2014,394,95.68724711335175,17.98773988854476,88.39966555015721,0.9238395733700896
2014_1851416,2014,421,113.53214941568135,5.311048720062967,27.4821970464846,0.24206532852524934
2014_1860189,2014,183,32.27725310187726,4.406002527637132,9.001020961464805,0.27886576757491494
2014_1870357,2014,227,39.87416170659097,0.3250998983056199,3.5035220394558806,0.08786446885670247
2014_1891263,2014,501,224.07635330016421,79.45641329485365,120.00070946267621,0.535534908951003
2014_18A1643,2014,433,123.28715661460193,2.447415506562886,20.531710401488574,0.16653567950854042
2014_18G1706,2014,315,61.47603790015733,0.42290150222519846,0.4875816360968481,0.00793124691751809
2014_18K0947,2014,520,353.958028292768,52.75749598593636,97.95996160645157,0.2767558687083269
2014_1920518,2014,142,27.359967656659407,0.7908169190984284,3.1120460399465664,0.1137445072669556
2014_19B1395,2014,520,353.958028292768,58.32843651345859,85.7548552308885,0.24227407877851098
2014_19D0736,2014,520,353.958028292768,65.41502370144063,44.4943025129248,0.12570502420168977
2014_19J1054,2014,405,99.88782334654171,0.15754688205420594,65.3710086723738,0.6544442203488766
2014_19O0778,2014,479,180.61522667671318,62.87895321676593,104.36003608020957,0.5778030900296446
2014_19T0743,2014,419,111.9801917264074,6.508460468769832,45.6329804852723,0.4075093977045856
2014_1A21064,2014,445,137.63338677798305,0.0039624816284226224,35.560533833539296,0.2583714218331496
2014_1A30971,2014,321,63.15307760702581,5.670036750556218,6.796662995180121,0.10762203922147397
2014_1A40849,2014,472,170.63568685171566,1.405402561733408,105.99491588862075,0.621176717744463
2014_1A50307,2014,455,145.8949444225781,0.29098162374046244,13.288901034842914,0.09108541140638989
2014_1A60839,2014,406,100.97021339879403,10.742527756414217,,
2014_1AA1092,2014,479,180.61522667671318,76.88284817675527,60.383004951660766,0.3343184628599532
2014_1AB0359,2014,525,460.46382755197425,4.639122792913333,42.23838371040199,0.09173007993909009
2014_1AI0900,2014,151,27.626188766175297,3.239010686105069,0.5956970756762239,0.021562767152506324
2014_1AM1173,2014,484,189.68090524054622,4.7484451705773765,48.48281177629849,0.2556019632804599
2014_1B10073,2014,499,220.09961179815684,34.11891234934673,36.44413253719375,0.16558017635494504
2014_1B60264,2014,470,166.4881079867116,0.5927951095936033,81.28245597931512,0.4882177890195181
2014_1BC1349,2014,398,96.83686923339167,4.123312821766906,45.51777066297621,0.4700458722314888
2014_1BC1703,2014,412,103.55827437207323,3.2406971962197533,4.6968909443357205,0.04535505224295569
2014_1BD0941,2014,394,95.68724711335175,22.990936703242383,86.71699414411918,0.9062544566821288
2014_1BD1084,2014,469,164.86638173558933,0.8528156235753649,28.2606334698809,0.17141537997240067
2014_1BF0605,2014,509,256.93541774711343,23.5172752633187,0.0,0.0
2014_1BI1481,2014,353,76.20459313358694,42.08698862677722,8.915458901782387,0.11699372091854822
2014_1BO0266,2014,512,290.3483249226259,0.6990857148370053,5.663342239191536,0.019505338082114795
2014_1BP1384,2014,447,139.70302444199157,12.680915394651299,59.179563014999644,0.42360974825976355
2014_1BT1587,2014,262,45.40902546173489,13.867078969725853,45.40902546173489,1.0
2014_1C11021,2014,386,91.60570182368232,0.4339776805526065,0.911060076717339,0.009945451632158204
2014_1C20709,2014,158,27.890068195844748,1.545127516910894,11.22432423797527,0.40244879141771145
2014_1C91483,2014,520,353.958028292768,62.572410513316484,44.4943025129248,0.12570502420168977
2014_1CB0981,2014,352,76.09766980843177,2.098048507086325,3.7582650617031277,0.04938738690901025
2014_1CD1136,2014,446,137.63338677798305,0.5215762786405417,15.438854011959776,0.11217375648006288
2014_1CE0243,2014,398,96.83686923339167,1.2113186528020243,1.7563130843542774,0.01813682224815937
2014_1CG0771,2014,469,164.86638173558933,2.1958149261673054,27.817516246973042,0.16872764449690195
2014_1CJ1944,2014,447,139.70302444199157,0.7015384885831747,34.65347375528094,0.2480509916925241
2014_1CK1571,2014,405,99.88782334654171,13.619030191735494,99.88782334654171,1.0
2014_1CO0919,2014,501,224.07635330016421,67.17010800921825,97.95415506778824,0.4371463281383045
2015_1.30E+38,2015,17,6.5514333251487695,1.619976782853786,2.6001874957663507,0.39688833980574867
2015_2130207,2015,405,99.88782334654171,56.18812080120192,99.88782334654171,1.0
2015_21M1029,2015,312,59.64401958810697,17.459295558308725,59.64401958810697,1.0
2015_21O1665,2015,481,183.36197895488044,4.4629750153310725,75.20298452665219,0.41013401445213055
2015_21R0747,2015,447,139.70302444199157,1.9562006848681754,63.79879047202316,0.4566743685532314
2015_2211177,2015,455,145.8949444225781,0.07795033371724681,45.85580830858247,0.3143070412074266
2015_22A1555,2015,352,76.09766980843177,4.270859351570233,10.575852669030665,0.1389773523375198
2015_22C1257,2015,314,61.47603790015732,5.2221910415998725,5.685661662804875,0.09248581816607808
2015_22E1521,2015,321,63.15307760702581,7.083129559564335,11.592824868295907,0.18356706129878617
2015_22F1487,2015,469,164.86638173558933,12.311994112478143,39.96448543529457,0.24240530431115495
2015_2341666,2015,427,117.21031175503573,0.2762554470350579,0.5472864962395797,0.0046692691798600775
2015_2351208,2015,520,353.958028292768,58.57652242157961,92.75045766257313,0.26203801086228445
2015_2361492,2015,403,99.96040795163113,5.713230898563872,6.277342268770517,0.06279828581540002
2015_23A1241,2015,295,52.958622808499825,1.7667564738294612,5.965458469411793,0.11264376135654232
2015_23D0595,2015,377,88.63570506588768,87.80280167198987,88.63570506588768,1.0
2015_23L1712,2015,501,224.07635330016421,63.17443214902773,158.82793627779836,0.7088116793164625
2015_23O0636,2015,96,19.171898074145044,2.2700053514254943,2.5461697314914,0.13280738931765598
2015_23V1162,2015,464,154.6974596857596,0.4294409299262642,73.52943122092009,0.47531117427708286
2015_2421224,2015,325,65.28776732052162,1.538613594638938,30.35919748404912,0.46500590738544745
2015_2450877,2015,405,99.88782334654171,45.212971856381266,99.88782334654171,1.0
2015_24B0407,2015,423,114.29526386304279,2.3114472452655423,35.42569645597146,0.30994894502733905
2015_24I1142,2015,516,304.29758455998984,2.458962451092842,5.374028210429268,0.017660436635407537
2015_24K1671,2015,447,139.70302444199157,1.2023294426166293,22.898341775170195,0.16390727306464434
2015_24N1046,2015,501,224.07635330016421,75.33662615968947,100.9950921973308,0.45071731447736296
2015_25F0511,2015,419,111.9801917264074,18.291083548579678,10.000036846807888,0.08930183716098834
2015_25G0958,2015,239,42.256437891891984,0.7996450462364326,4.180597699675523,0.09893398280212544
2015_25M0962,2015,472,170.63568685171566,0.6275276646994234,5.883146329902626,0.034477819021616195
2015_25Q0587,2015,421,113.53214941568135,1.03148050652756,31.955061664559494,0.2814626678788641
2015_2610654,2015,470,166.4881079867116,1.7406385567906748,81.24554400120188,0.4879960796220146
2015_2620299,2015,481,183.36197895488044,4.2938460886903975,31.697767961376652,0.17286990542993902
2015_2641336,2015,403,99.96040795163113,4.006684422941293,41.689955139555764,0.4170646758437472
2015_2660776,2015,455,145.8949444225781,0.07795033371724681,45.85580830858247,0.3143070412074266
2015_2690265,2015,143,27.43877190817634,0.268964660749251,0.594173709467718,0.021654530000690855
2015_26B0948,2015,405,99.88782334654171,6.095817456078689,66.68893985027155,0.667638332841702
2015_26D0053,2015,490,200.07871488259045,5.037492890801177,53.97832154199136,0.2697854270688751
2015_26E1453,2015,447,139.70302444199157,5.374067563360759,48.52799566034774,0.34736539065049277
2015_26F0254,2015,227,39.87416170659097,0.5004586834805236,4.651761138267297,0.11666103910840056
2015_26F0268,2015,401,97.02181320389872,0.00840537631547316,44.74323255756691,0.46116673230519417
2015_26H0965,2015,240,42.37342986192059,10.684965754946926,14.604727209877307,0.34466710052664457
2015_26J0461,2015,403,99.96040795163113,5.835991547305823,10.307381163160628,0.1031146368284948
2015_26O0552,2015,483,184.09589266511335,28.231940740674734,49.782366991675914,0.27041541378782646
2015_26O1434,2015,380,89.00229798065443,3.927718390436149,18.40073143516591,0.20674445326305504
2015_26U1462,2015,446,137.63338677798305,2.106418692813547,0.0,0.0
2015_2781106,2015,227,39.87416170659097,0.8419964897287594,8.760696757975055,0.21970861287165222
2015_2790214,2015,454,144.7322820573829,5.480954854542307,41.69477170212467,0.28808204437482504
2015_27B0112,2015,475,174.23643618065617,36.05057372139879,0.0,0.0
2015_27P1820,2015,514,301.1892467669466,1.0505445942838418,4.9943180209061735,0.016581993130620174
2015_27U0988,2015,447,139.70302444199157,39.68042608884237,64.73837424697253,0.4633999478934232
2015_2841122,2015,439,131.66359060515333,2.5474252445750607,2.8104077757623838,0.021345367864002214
2015_28C1656,2015,377,88.63570506588768,77.86174648858766,88.63570506588768,1.0
2015_28K1218,2015,355,78.24515092574,0.7870641364274151,4.898023636902756,0.06259843043246623
2015_28P1682,2015,405,99.88782334654171,1.2812386612147884,35.659075829888636,0.3569912191016145
2015_2921225,2015,481,183.36197895488044,3.8646316287076043,35.804026996283035,0.19526418290398834
2015_2940397,2015,470,166.4881079867116,1.0831008794634822,70.44832442511337,0.4231432819858597
2015_2981412,2015,196,34.361018047521554,0.9826731818688278,10.135041765252062,0.29495755193385775
2015_29A1314,2015,351,75.98007121524007,61.67514712866057,75.98007121524007,1.0
2015_29C0164,2015,387,91.48839004689802,1.3444833804252803,12.551777704168614,0.137195306396084
2015_29H1050,2015,229,40.05526952148451,3.9869208614591445,11.730121619154424,0.2928484007044995
2015_29J0315,2015,236,41.319946860888855,2.6012586401335596,41.319946860888855,1.0
2015_29L0713,2015,419,111.9801917264074,3.565927351815336,36.40368962693779,0.3250904384579027
2015_29Q1865,2015,170,30.414643664779785,0.007325574882770278,4.9246516435522985,0.16191712445590986
2015_29R1632,2015,68,12.341310796544924,2.099941336879037,4.657899347600358,0.37742338916741197
2015_2A20797,2015,406,100.97021339879403,31.727246878747916,,
2015_2A21135,2015,207,37.67801737622696,62.068272589010945,37.67801737622696,1.0
2015_2A30585,2015,405,99.88782334654171,2.731079875246926,26.677468194680696,0.26707427693291824
2015_2A41245,2015,406,100.97021339879403,8.086455208525253,,
2015_2A60899,2015,433,123.28715661460193,0.5828351919697159,1.9604151554096632,0.01590121152309449
2015_2AF1595,2015,227,39.87416170659097,0.3250998983056199,3.5035220394558806,0.08786446885670247
2015_2AI0023,2015,447,139.70302444199157,4.471573280108208,28.215741114999226,0.20196943643632537
2015_2AI0037,2015,516,304.29758455998984,1.0248311734615894,4.444952335425565,0.014607254743257019
2015_2AI0163,2015,514,301.1892467669466,1.0505445942838418,4.9943180209061735,0.016581993130620174
2015_2AN0465,2015,483,184.09589266511335,2.77284171932135,23.874099920937223,0.12968295802430702
2015_2AN0938,2015,387,91.48839004689802,1.6886271795524688,25.998503498134237,0.28417270743104234
2015_2AQ0522,2015,376,87.95445965951748,1.3731326686054521,36.03472897112428,0.40969757657109307
2015_2AS0994,2015,226,39.677544012316595,0.911486579287725,19.702955415036413,0.49657699097807756
2015_2AV0995,2015,509,256.93541774711343,2.984515484345771,52.581819312050456,0.20464994578444487
2015_2B10037,2015,463,153.48866529820043,0.9457318088943902,2.0197526982425615,0.013158969714920324
2015_2B90816,2015,387,91.48839004689802,0.987614945284265,11.202689595990158,0.12244930302355882
2015_2BE1731,2015,401,97.02181320389872,0.00840537631547316,44.74323255756691,0.46116673230519417
2015_2BQ0098,2015,505,239.46148567867652,1.8171934866855162,113.23963145480037,0.4728928793449146
2015_2BS1390,2015,520,353.958028292768,33.274924594871266,126.41759898654414,0.3571542072270241
2015_2C21914,2015,337,69.79411271160497,2.063438339525866,22.385697678366697,0.32073905389221363
2015_2C30219,2015,434,124.25383747936934,2.4806206519683234,17.7237279503573,0.14264129229248218
2015_2C41528,2015,32,8.6877073985835,0.28877710824172675,2.9777715193707897,0.34275688426802964
2015_2C60906,2015,454,144.7322820573829,44.27160830974586,34.86746939993414,0.24091010591617715
2015_2CA0787,2015,315,61.47603790015733,4.466575963880032,21.238309025175774,0.3454729639484691
2015_2CA0814,2015,217,38.67069745413679,12.602204839822637,4.748833976929255,0.12280187039712286
2015_2CA1397,2015,388,92.79314954666299,0.35762542984520734,30.06958636235536,0.3240496363067646
2015_2CD0162,2015,416,104.97863075921201,0.7021323041855041,0.44027301070222813,0.004193929826652779
2015_2CK0544,2015,50,10.344857875228106,0.532438913917533,0.9069665125820519,0.08767317284792113
2015_2CQ0643,2015,351,75.98007121524007,37.156601687098025,75.98007121524007,1.0
2015_2CQ0796,2015,469,164.86638173558933,2.682198844683045,60.09375790372158,0.3644997680612607
2015_2CQ0972,2015,509,256.93541774711343,7.054829873566775,62.48455248839045,0.24319166674751846
2016_3161098,2016,447,139.70302444199157,4.882816697827058,47.20184612612756,0.33787275769199276
2016_3191206,2016,46,10.160298633175229,1.1089981900626227,3.852782654828924,0.37919974539418416
2016_31E0436,2016,464,154.6974596857596,0.4294409299262642,73.52943122092009,0.47531117427708286
2016_31I1123,2016,458,147.4753669525706,1.4945560938851639,4.833597068385301,0.03277562326690009
2016_31P0315,2016,407,101.06919842403592,3.890449451583363,4.310071122267602,0.04264475418301721
2016_31S1678,2016,378,88.63570506588768,0.43690542842772717,77.65683428497138,0.8761348965097631
2016_31T0287,2016,454,144.7322820573829,0.36801271388595796,36.54188525073208,0.2524791617411525
2016_31V1251,2016,217,38.67069745413679,3.572030483292569,11.464316317105627,0.29646003490633277
2016_3280323,2016,475,174.23643618065617,2.475504251485075,65.34736457043466,0.3750499379055227
2016_32A1660,2016,442,136.34602593734405,1.2570886280921711,1.8904368938728011,0.0138649944571287
2016_32C0191,2016,447,139.70302444199157,1.742601306595883,64.11446776697292,0.45893399962572007
2016_32G1604,2016,315,61.47603790015733,1.2190351365729915,6.5952853023016935,0.10728221153440363
2016_32Q0653,2016,425,116.13271478345013,2.8750532545660685,3.3813298503787337,0.029116083755415672
2016_3370178,2016,505,239.46148567867652,0.9246968520013993,8.894584951969074,0.037144114957610976
2016_3390843,2016,472,170.63568685171566,45.90487046459401,48.85661164781828,0.2863211825687743
2016_33L0442,2016,501,224.07635330016421,70.24760502286973,96.07558855819474,0.42876272816478544
2016_33Q1107,2016,422,113.53214941568135,3.2234710717205552,45.53399109727448,0.40106693418230316
2016_33U0574,2016,472,170.63568685171566,31.026034545889967,12.202226911301414,0.07151040404522933
2016_3480522,2016,46,10.160298633175229,0.6133156102566976,1.6723471983026492,0.1645962642123658
2016_3480914,2016,137,25.934902944173324,0.7948030184560567,2.063424975838579,0.07956170031868809
2016_34A0112,2016,259,44.75830828054555,0.6905021359195374,22.20281195053449,0.4960601238850903
2016_34F1454,2016,475,174.23643618065617,2.475504251485075,65.34736457043466,0.3750499379055227
2016_34G0789,2016,397,96.76144317390892,2.7698081793250093,18.30368254516425,0.18916297592076134
2016_34J1015,2016,413,104.13220340172337,2.166727637678621,17.53868450358181,0.1684270948912961
2016_34K1993,2016,406,100.97021339879403,12.227600107699077,,
2016_34L0195,2016,344,73.9462149755168,1.333362825148816,4.199744521248675,0.056794584045162945
2016_34L0343,2016,514,301.1892467669466,2.1115624964257296,7.973284454307938,0.026472673044922766
2016_34L1732,2016,298,53.69332798689665,2.542567059006462,9.81801011589949,0.1828534472345518
2016_34Q1266,2016,454,144.7322820573829,3.8273523121465867,6.043472355589273,0.041756215473706004
2016_34S1121,2016,161,28.990193799777597,5.27574833690317,4.623959311032344,0.1595008071683818
2016_3531412,2016,38,9.073581142272916,2.2687756858562045,1.8819871543101108,0.20741393335230332
2016_35E0878,2016,367,84.94725824696825,1.008746943035099,6.2304861340622875,0.07334534701459482
2016_35H0201,2016,227,39.87416170659097,0.3250998983056199,3.5035220394558806,0.08786446885670247
2016_35H0788,2016,361,81.8605157575938,2.1010539227790335,7.755598050132917,0.09474162211607454
2016_35L1752,2016,501,224.07635330016421,64.80550684373044,147.27225828258972,0.6572414095177164
2016_35N1534,2016,315,61.47603790015733,5.4855595805904045,26.02944647931838,0.42340800364513675
2016_35Q0727,2016,481,183.36197895488044,3.6353864062063073,66.526971538462,0.36281770036323713
2016_35Q1663,2016,403,99.96040795163113,1.3441594804343344,6.716934168631719,0.06719594593773479
2016_35R0654,2016,433,123.28715661460193,1.7089896936225302,5.967251966689039,0.04840124576270979
2016_35R1584,2016,481,183.36197895488044,3.8617400271804114,81.29517965722005,0.4433589783475461
2016_35V1090,2016,501,224.07635330016421,37.8878924588665,92.98268856040264,0.4149598437807783
2016_3631326,2016,482,183.36197895488044,0.6977597259997943,32.21183896890559,0.1756734910503551
2016_3631784,2016,514,301.1892467669466,1.0700603964785969,68.03592555213297,0.22589095156102176
2016_3661487,2016,526,530.9486096681438,9.442847764492454,82.03991364663261,0.15451573307237704
2016_3691956,2016,454,144.7322820573829,0.43136622984389544,57.04083486898659,0.39411273047136275
2016_36B1783,2016,416,104.97863075921201,0.7021323041855041,0.44027301070222813,0.004193929826652779
2016_36E0492,2016,351,75.98007121524007,9.21157102249039,75.98007121524007,1.0
2016_36E1419,2016,447,139.70302444199157,0.6864525804205092,31.26515679413775,0.22379727940048913
2016_36F1615,2016,371,86.1887337764826,2.999902023744892,39.49505620025276,0.4582391975113267
2016_36H0328,2016,254,44.082734817579826,0.6344087474375896,0.7669396994080913,0.017397734114768262
2016_36M1184,2016,355,78.24515092574,0.7870641364274151,4.898023636902756,0.06259843043246623
2016_36P0595,2016,455,145.8949444225781,0.07795033371724681,45.85580830858247,0.3143070412074266
2016_36P1826,2016,46,10.160298633175229,1.1089981900626227,3.852782654828924,0.37919974539418416
2016_36Q1665,2016,103,20.726011565558824,0.47335579095939917,4.786495836949435,0.23094148248490465
2016_36T1402,2016,442,136.34602593734405,0.9235503795484321,4.919851192275507,0.036083568688216536
2016_3721205,2016,73,13.891588310718587,5.326571408587109,6.613276162140808,0.47606335677527106
2016_3740733,2016,501,224.07635330016421,21.39276112927564,219.8743066257169,0.981247255176371
2016_3741226,2016,462,152.80477861807276,0.47327152199782163,1.4408616249281208,0.009429427783338348
2016_37I0734,2016,469,164.86638173558933,30.329749454675515,21.4815425140765,0.1302966820035411
2016_37I0790,2016,490,200.07871488259045,15.375537537774619,55.938556791761584,0.27958274734315075
2016_37O1315,2016,472,170.63568685171566,9.040010189706571,164.520083049654,0.9641598781890438
2016_3821313,2016,296,53.32211193600644,0.49945365978246514,3.214117717413046,0.06027738963659974
2016_3851109,2016,315,61.47603790015733,0.6804498560347431,2.155699072078483,0.03506567999030019
2016_38A0787,2016,469,164.86638173558933,1.9726073980990244,11.46317189820366,0.06953007506762751
2016_38A1262,2016,352,76.09766980843177,4.270859351570233,10.575852669030665,0.1389773523375198
2016_38O0184,2016,501,224.07635330016421,73.51894300095546,100.90242477181688,0.4503037615783215
2016_38P1414,2016,472,170.63568685171566,10.236716219930711,170.63568685171566,1.0
2016_38Q0585,2016,262,45.40902546173489,3.4865846889800247,15.735231401478224,0.3465221118814349
2016_39G0414,2016,406,100.97021339879403,6.693600221395522,,
2016_39L1271,2016,419,111.9801917264074,5.691026423342642,30.37552630463746,0.2712580308743501
2016_39O1270,2016,501,224.07635330016421,79.91881146427983,100.9950921973308,0.45071731447736296
2016_39P0142,2016,328,66.15796733858258,0.5026367251339241,17.391266115704493,0.2628748556723281
2016_39U0240,2016,434,124.25383747936934,3.75611291221141,38.68495690989258,0.3113381260060937
2016_3A30995,2016,520,353.958028292768,62.85820537527546,102.71424331577384,0.2901876355543946
2016_3A60460,2016,161,28.990193799777597,5.27574833690317,4.623959311032344,0.1595008071683818
2016_3A71446,2016,470,166.4881079867116,1.0831008794634822,70.44832442511337,0.4231432819858597
2016_3A80333,2016,490,200.07871488259045,44.289347207305475,80.6036306232432,0.4028595978864757
2016_3A82055,2016,201,35.93779904891096,2.542280891942931,4.2944729327316695,0.11949738287775881
2016_3AA1241,2016,462,152.80477861807276,12.533364596451715,28.746205740887454,0.18812373540186877
2016_3AB1304,2016,518,315.77215998545694,0.1136990816872105,66.56774247389973,0.21080940915426344
2016_3AD0563,2016,337,69.79411271160497,1.686111600723048,33.75034493819249,0.483570083878732
2016_3AG0599,2016,519,333.8556699253348,0.2638856636584993,139.41260333757697,0.4175834526601149
2016_3AM0599,2016,520,353.958028292768,66.39097386746606,132.65617957214488,0.3747794059425076
2016_3AP0995,2016,413,104.13220340172337,1.0985945260949244,26.267008332876557,0.2522467351578373
2016_3AQ0489,2016,161,28.990193799777597,5.27574833690317,4.623959311032344,0.1595008071683818
2016_3AS0267,2016,433,123.28715661460193,1.7089896936225302,5.967251966689039,0.04840124576270979
2016_3B10454,2016,227,39.87416170659097,0.3250998983056199,3.5035220394558806,0.08786446885670247
2016_3B60634,2016,514,301.1892467669466,1.0700603964785969,68.03592555213297,0.22589095156102176
2016_3BB0447,2016,229,40.05526952148451,5.991753797294884,3.703537535327719,0.0924606819420163
2016_3BC0971,2016,405,99.88782334654171,3.4530021457945552,4.54235688009111,0.045474580663673804
2016_3BI1116,2016,365,84.0157850719488,1.6592075586420894,6.600336588306924,0.07856067264805748
2016_3BJ0893,2016,464,154.6974596857596,0.4294409299262642,73.52943122092009,0.47531117427708286
2016_3BK0798,2016,425,116.13271478345013,0.7934434292150524,9.758390343662626,0.08402791893618315
2016_3BQ1977,2016,376,87.95445965951748,2.0820864480381625,8.3104546748916,0.09448588175133349
2016_3C71162,2016,406,100.97021339879403,11.349926823544584,,
2016_3C90476,2016,462,152.80477861807276,2.043952176697169,66.91412026307646,0.4379059402999736
2016_3CA0780,2016,472,170.63568685171566,40.40212305620101,20.270000101396263,0.11879109508324083
2016_3CB0163,2016,102,20.66976743337822,0.7492213495819899,2.223888958277743,0.10759138753958761
2016_3CF0887,2016,419,111.9801917264074,0.4191526875904535,44.324310070857294,0.39582277354151596
2016_3CG0238,2016,519,333.8556699253348,2.015764154579822,160.55437862720473,0.4809095459217809
2016_3CG1977,2016,405,99.88782334654171,50.2517831194403,99.88782334654171,1.0
2016_3CK0762,2016,420,111.9801917264074,0.4986271417532135,42.65272825073235,0.3808952957942998
2016_3CL0689,2016,518,315.77215998545694,6.171748005081352,155.2303339842196,0.49158967652933316
2016_3CM0726,2016,472,170.63568685171566,43.984951908415745,17.59355891658804,0.10310597531615437
2016_3CT1179,2016,406,100.97021339879403,1.7324724011079333,,
